name,value,url
DJQUOF,486.25,eAX3BXBM
tGwCOk,194.0,ZODYIC2WihVTwCI89B
tGwCOk,194.0,ZODYIC2WihVTwCI89B
tGwCOk,194.0,ZODYIC2WihVTwCI89B
tGwCOk,194.0,ZODYIC2WihVTwCI89B
tGwCOk,194.0,ZODYIC2WihVTwCI89B
tGwCOk,194.0,ZODYIC2WihVTwCI89B
tGwCOk,194.0,ZODYIC2WihVTwCI89B
tGwCOk,194.0,ZODYIC2WihVTwCI89B
uAU4Ut,485.01,piYr8MQRaCJ9uVfb7d
uAU4Ut,485.01,piYr8MQRaCJ9uVfb7d
uAU4Ut,485.01,piYr8MQRaCJ9uVfb7d
uAU4Ut,485.01,piYr8MQRaCJ9uVfb7d
uAU4Ut,485.01,piYr8MQRaCJ9uVfb7d
uAU4Ut,485.01,piYr8MQRaCJ9uVfb7d
uAU4Ut,485.01,piYr8MQRaCJ9uVfb7d
uAU4Ut,485.01,piYr8MQRaCJ9uVfb7d
uAU4Ut,485.01,piYr8MQRaCJ9uVfb7d
uAU4Ut,485.01,piYr8MQRaCJ9uVfb7d
uAU4Ut,485.01,piYr8MQRaCJ9uVfb7d
uAU4Ut,485.01,piYr8MQRaCJ9uVfb7d
uAU4Ut,485.01,piYr8MQRaCJ9uVfb7d
uAU4Ut,485.01,piYr8MQRaCJ9uVfb7d
uAU4Ut,485.01,piYr8MQRaCJ9uVfb7d
uAU4Ut,485.01,piYr8MQRaCJ9uVfb7d
uAU4Ut,485.01,piYr8MQRaCJ9uVfb7d
rITnn7,485.02,3fQWrOhO
mJUicA,485.02,oEgd0VHf
64pIc2,485.02,AVySOYkb
5oK4Ds,484.98,gwjZ5buMi0ikPP10Ju
NLZ6Et,484.98,hg6v1y6qYwhgYcHjEG
l70aHR,484.98,ZyNMt2DO2wFmIVol61
LQP0pz,484.98,0SkgzSh8Bym4K5mstz
uAU4Ut,485.01,piYr8MQRaCJ9uVfb7d
rITnn7,485.02,3fQWrOhO
mJUicA,485.02,oEgd0VHf
64pIc2,485.02,AVySOYkb
5oK4Ds,484.98,gwjZ5buMi0ikPP10Ju
NLZ6Et,484.98,hg6v1y6qYwhgYcHjEG
l70aHR,484.98,ZyNMt2DO2wFmIVol61
LQP0pz,484.98,0SkgzSh8Bym4K5mstz
uAU4Ut,485.01,piYr8MQRaCJ9uVfb7d
rITnn7,485.02,3fQWrOhO
mJUicA,485.02,oEgd0VHf
64pIc2,485.02,AVySOYkb
5oK4Ds,484.98,gwjZ5buMi0ikPP10Ju
NLZ6Et,484.98,hg6v1y6qYwhgYcHjEG
l70aHR,484.98,ZyNMt2DO2wFmIVol61
LQP0pz,484.98,0SkgzSh8Bym4K5mstz
uAU4Ut,485.01,piYr8MQRaCJ9uVfb7d
rITnn7,485.02,3fQWrOhO
mJUicA,485.02,oEgd0VHf
64pIc2,485.02,AVySOYkb
5oK4Ds,484.98,gwjZ5buMi0ikPP10Ju
NLZ6Et,484.98,hg6v1y6qYwhgYcHjEG
l70aHR,484.98,ZyNMt2DO2wFmIVol61
LQP0pz,484.98,0SkgzSh8Bym4K5mstz
uAU4Ut,485.01,piYr8MQRaCJ9uVfb7d
Ksuyrq,486.0,5XJ7wP4WkpJzOsnR2I
rITnn7,485.02,3fQWrOhO
mJUicA,485.02,oEgd0VHf
64pIc2,485.02,AVySOYkb
5oK4Ds,484.98,gwjZ5buMi0ikPP10Ju
NLZ6Et,484.98,hg6v1y6qYwhgYcHjEG
l70aHR,484.98,ZyNMt2DO2wFmIVol61
uAU4Ut,485.01,piYr8MQRaCJ9uVfb7d
Ksuyrq,486.0,5XJ7wP4WkpJzOsnR2I
rITnn7,485.02,3fQWrOhO
mJUicA,485.02,oEgd0VHf
64pIc2,485.02,AVySOYkb
5oK4Ds,484.98,gwjZ5buMi0ikPP10Ju
NLZ6Et,484.98,hg6v1y6qYwhgYcHjEG
l70aHR,484.98,ZyNMt2DO2wFmIVol61
15lfPH,485.02,gvxjxDGdfyAoW4Bh5j
AjOvdT,486.0,W39I8coUWUs1axp26k
Yox7zA,485.02,wcjKjILGYd5xIBuxzy
gsX9So,484.98,7aFeluZMOQIOLRgp0n
xNuqQ8,485.03,gaAvi4PuN5rUAVnbxr
ANGzMP,484.97,APPQk9ks5F2QGl7V2m
yRTV2U,484.97,kYnFnRR1ZyxQ1E7inA
zN5TI1,484.97,DFfS4TYXBTef0yvlli
tmsQrk,484.97,xs97xVpd5Bh5YhE8yO
ciT0SX,486.0,tr4KDxIKIgyKY5PhjM
vZnTF8,484.96,SijHlsxggopTlgnlHt
oMlthb,485.04,mnpd00GYoUigGQwmHA
EcCHkA,485.04,B4FTakG2RhXTFQudMZ
jvaNwQ,485.04,ZNZ6rWTDAVqtdKutcM
gbLRkE,485.05,tdcTm3cD
Ae0lQA,484.95,3fPm6LmtSbuNw9K8Ok
Edu4Ro,484.95,U3UhJQKsH8vSfL6oeq
z7EB5Z,486.0,fOJdslccBvEMzFXloI
r1p7nB,484.95,i1A1FgEaV14UUrpDre
cvomb7,484.95,BKtcsLjn0MdXnXd0Gi
M92jn0,484.95,r3wntZMlEgvc8FCiBF
cKB5F5,484.95,4BBJN7aJGUOpdGiY7G
XiRquN,484.95,mda4K3Y4L9MZs1mU6K
X8cAqm,484.95,BhWtIDx6CRYHPhrIoC
L3pYQ7,485.05,4dfYWdvryY5orlOe2E
3KqN0U,486.0,p9DjaiKTlkXo6mPN7p
7QWmMq,484.95,70ykoqF0OzyGwIz1MF
12wjRQ,484.95,aaPEvrl941B29zTbsq
liFRKD,485.06,Gg4NBbEw
EorNdA,484.94,wwFxJlzzRqsy7BlD8G
u2sNgI,485.06,TNXOQ7lzZXDojngDUo
pKocL3,484.94,YjTI235JfvzZpok2W2
gsyvpv,489.0,caGaB39dIKBKbdlgWq
VuE36L,489.99,40ZsyApn1HB69Br7am
s9e7Kc,489.99,iUhC6ROeiJMw6mr3Nk
GrR0DU,489.98,m9h4dSFbRKZTNR4a3S
oqDVQA,489.98,dgmKDgTrBpMf37XUtu
Q1zlze,489.0,w92zhwEOiR7Aq0cqIs
kEOq93,489.0,ihWP4Fhyv6m8rHXNJU
Ag5jqi,489.0,circru9WCjuXvzFxT8
BFZYnS,488.99,ZjwKlJfaN83JXz8VE4
4OanmO,488.01,FbTdpwLf
Gtiytn,443.01,2zqKabEG
8j4ItY,444.01,OvDPYTiJVdYFNvGAlw
we3onZ,444.01,YvdDUhLm7qfyldd6vM
ooWL6N,443.01,kdR3TgvT
vnNDvh,443.01,qCwNJGn6CFe6ZllZu8
yVxwjQ,443.01,Y1gqvjDkFZ0rkpmDkM
ip9OSh,442.39,CG66S9eIGbdfIVZIDa
I0PgWW,409.01,BwJ5v9Ka
QdK04r,410.01,BYAvh4SV
996irD,410.01,eWQBSJtJUjrofmtAGo
WWnTlS,409.01,xCxqrh1voXbuilQRdd
88RjON,408.18,7kEMoeffjGRYbXbEj3
yM7k8t,287.01,Z2FCNo3p
Ujb8oE,286.19,pPI57y3EqRPZbtwjNb
OSmP27,489.01,Jnt81IIMZsiKRIbuxB
VJUf56,489.98,8akRVoNVlDa3Vssx9V
n9mmCM,489.01,7BYlhOfzlwR8ZnjhfS
1ffzt4,488.99,kywYuskSMecAMOUJi0
kmsrIw,489.01,jlwYdn9Fe2RBSli0xC
7HcaMC,488.53,hGGaRUUDbXrML6NTi6
w5NqZz,334.01,9BIq4L5M
xNc85W,335.01,gbO4SxucCRSIIFJXGf
7Hqtcb,334.01,FgurKsyu
3HVcOW,333.1,2wfr9w2x
LXJ9pc,470.0,gvHpIJCWxhulcko0z3
zyC0gO,469.99,JP69VlRabfs0w0rGvn
nFTCDd,469.99,eTVmRIKZcuk8yHKkPg
kqaXNf,469.99,Ioj70NUGypsW3eScZL
Qy0vJp,469.99,bO9b8gxL8WSBQ6XN3R
84QehB,470.01,7m8IpH6zIVcYal2D3N
Wf3dy2,469.0,yWSZZm5jivTyAukVYq
M2oVch,468.03,XDcA3hW9
L5QRZM,484.0,Nqqot8luOrtJM1lLEd
jpaoWr,485.06,THUVfFLwumfj1SlWhs
7K8SoK,485.06,TsIMNuoSd3VSBV7Txf
fUlgd5,484.94,shVHhbrhlKmwgbaoPK
bVr5aV,484.94,nBMIXumy8T2zdTyS9D
q2GVJl,484.01,yAtZIYUI
PGZXbq,484.01,azbcrB4g
lj93tZ,483.47,ReR0ITCXO1KG1Nc7FW
yNqIR5,481.01,iKbhct4vUXh9D4WHFs
wPl4Zy,480.99,aCQWXb1sDYApER4WKB
R5CxnK,480.99,hFeoh83Nksj6DPcs6Q
IkwJn0,480.99,UQCurXX7JiCJBq1OfG
FoiLwS,480.99,WXJPvnt0G45jYL6MkT
fH3hWE,481.01,2GQDVOP5LcJB3Kai9O
4IKg0e,479.99,WlUr2Mx4bNrZHvDVxO
fQGOfR,479.99,TaONLpHeKmJ4QNpc80
O7iqDT,479.99,4OUqUZ5Cdfh9U2VcK3
pipdda,479.71,dZlj1ZoWElLdaB0idk
HdTXIW,449.01,PdqGYhEoEf4DuHvTRt
ZXjCAG,449.01,Hy6IEa6FfAj1uh9qkW
y3xlS7,449.01,HM7zFbSgc83ZaY3H1d
QDBR1t,448.68,oLuaWnLMV84N9KPirv
Bmdn55,343.01,biSxtmqC
hLYWr3,344.01,wmlcfJoc
d86f8B,342.77,7WpDbSdYIUyTmqbB7n
EK2OPN,476.01,e0oROQsAh47ed6Mxuk
aAqoWS,477.0,8DFJJc0ThDzrjSin79
Pq2VFT,476.01,fyl3MLQNvmFi8fBE0u
PK1zwz,476.01,wrOqlixXhtV1wm2Pbs
pzVj3j,476.01,y6pPjSUZ4Fa1RppycP
igzo0p,475.99,zgKWPsczQyRZQyzgV9
yUuiTs,476.01,0Ztq47dRMcOWSDZ9iL
pHIVjf,475.23,GmIKURo28rYHoE6ZZV
sU8wrF,477.01,b6YIXfPV7EBqxYSz6a
e58cP8,477.01,VzyWIDpugjSMpSI2jw
ixu0ud,477.01,aSnjtbUZgkhqIdsQX4
WMV9jt,476.99,80UCuapKKD9SdJXzYH
MI5jSp,477.01,xHuNiHUYsvk0Y1tFnU
fDdyQ0,476.99,lEf0EnrgOPwKz06C8m
ENAYBX,477.01,cr99JRbSQVVSQ8EeAb
OiV5hV,477.01,ZpRan70jo1Grh64dfN
NUiW0r,475.99,iaMdZC092smQ02Rpw7
RNFbF3,475.61,WDG7pEdmeGBDSpEef6
GAL2qz,485.99,0JNMbs7a60EadD74QG
IdAzt1,486.01,drDnJYPJjAUE3Y0Hyl
F7OLqR,486.01,85joyqNBy2uprivKL0
5o9vMP,485.99,iQFA2rTUhpvDB2B02B
2wBwth,486.02,smlo58Br
nlAfWw,485.98,Ce2pLIRYDZJ6sE1Gbx
X8sO4u,485.98,Rx0KY6JlKzK0eEozjw
GOe86l,484.93,aeIKp7saPIgRjleEp5
54jns2,484.73,QMp9Vtyof9NstTfXnP
BSfWPY,272.01,y0bj82AYSecSB4Cjyb
EtOgai,273.01,h6iWV6K5
nbEpA0,272.01,l2ZDBWBZ00kNrQy5iF
eV3Yfw,271.18,6Ip3QDfK4l04TJqwFY
IMw96e,197.0,Qxl1FBms8byXX2z1sC
2yUhpz,197.83,zsVIO6uG4L7N6pcT2z
s5cO2R,261.01,QFuBeUIQ
gfiB3Q,261.01,uMPd3AYErjxauFCu5X
5v5daz,260.69,Arb4N6CfUT0Y0Rp7XO
xCNO4F,226.01,KfWzz5JA8L5sC55ubi
OgZG0y,225.54,7WM3niTsjce6q6IJJW
ikNvLs,458.01,3DC2oG0V
csizRe,459.0,GfyGLqg2iYHXzBMsPr
ZmMKXb,459.01,SOWFzj4F
GjnRr8,459.01,mSrz9xIq
jlUnEb,458.01,9HZsqHoH2vd9bcTwRB
QfzhFE,458.01,nCuvMdUrZ343HR80bX
SBmNcI,458.01,ebIQaflwhNd04q8adQ
pBaSvU,457.36,HK0W1rNd
cXXovR,277.99,1UvWBAfp9BH9ZgszUM
jFdxJJ,279.01,Zv84DRvA
fINoqZ,278.01,HY6Vk6w2Wr9gYstbdz
BePlu3,277.93,3O6hUlvltmEu91EDdm
hh6mag,464.0,MgcjmHD2b1XVSh42Vr
zVKwF6,465.01,2KdnVvfKNWODJ7Ak5z
wCv71f,465.01,Gb3JZgUIOCNiUUMcUC
0DOUPF,463.12,z4igzQ0w6gory4D2er
vU48SM,460.0,yMlxRCTQKkaFGtsofW
PKEpZP,461.01,YoENSmIJ2WBQtyorbj
I5SEAp,461.01,yfMuTomXIQctqxonYy
YwV0hm,459.99,qr85BF1dI4uqwJuY1n
QsBbBk,459.99,rT7dgYdXhJE1VJqWBr
mdFM39,459.99,jPEEpWCczzkfVakoLI
JB14Kh,459.99,l9dKujdlOGvUfaOO0f
tbilqJ,459.99,3mA97yO70aaokfQV7J
L3EYxZ,459.79,CGuNyINMNH0omOHQ84
KvvA8V,451.99,m1xJXLLmPaUYlD9hGg
5JVLJ5,453.01,fimYUlJ2
Shvt2V,453.01,RspZRrOh7gN6j3NRRZ
SOE03B,452.99,U3Ysg8WPhCVru8USaS
ck8VAC,452.01,11JRxKE7jcd2I5MD84
sGUjEM,452.02,nfIEbOoVAI4mmIklMw
VO1c2o,452.02,objhkXZDZRJPWD3YyR
HVaFUW,451.98,GBfWutptEmJXdnx3Z4
k9VUOE,452.02,IwNRs9PdS9woj2Pqnt
G22O71,451.85,Ia5vRZhOopSJO64c3v
kFXPgf,467.0,mXYPKBuiJWiTjb3DEu
oPkZGO,467.01,i20KRLPX
sr9CFe,467.01,0Yg5EOUm
iIMJEA,466.0,38ncM3CPT9nnwePI0Z
eX9Djo,465.52,XeelLjOzUiRfukmAT5
5pd7EQ,297.01,jKitjhDV
Fqc913,297.01,UXy7vOBvWyNaKNGI9h
b2ByUg,297.01,1SGJx4AHCl441eZB54
ettc3k,295.44,3toi2Ryvau6OEwcbvh
FQ9pLj,484.93,p4BNjMaI9KTTtUK4HS
UCQsMZ,484.93,fsdEs3F4kF4fDVeUTY
LIzPCt,485.07,h4xaa5YlIaGjVe7I5h
vv6WNl,483.99,n01qbnmbxrzkIiqy5j
2obWBJ,483.86,myYtUYcWlTtWQ3iCGs
5WUOht,478.0,hLWVmdjEsvpof6flHr
Fr1tS6,478.01,7KvC9XfeoX6tagTOwG
pfNfyZ,477.99,N2K1COo0ivWxwJrEge
okZ88r,477.99,f0NLhkg4TeQXMZyi4K
fgiR8P,477.99,7aUPRynvmBaKjm1MLq
f3gSEn,476.99,pqhTsDq9MAvBSiNJTT
Yjt9dQ,477.02,qLwemKbt
nPmjQv,477.02,57aHWOHnru9ATPAGrf
WUUlst,476.93,y0PsfXLjniOPRGXP3J
oxQPLq,477.02,bZS3pC3RgT8tP5JlRh
NjtUW8,478.01,Jwtwkyq3pPzfoQNgWu
houBHt,478.02,NS8iHu24
fdHKF1,478.02,naw0KrrQ
A2Qh7P,478.02,nwfjac8i
wN4vaI,476.98,XaPmTKBVyyhpmQEc4d
N8B2k1,476.98,NDAuDsbTSFFGxRa9up
3IB6Ym,476.98,zEL2OQATbOl2wwgL0L
Uohczi,477.02,nscMWTtRC4TK379vn1
mzvVyb,476.6,dnURW9NNrAU63ZqJL3
j7dVnx,246.01,kjGGsqQT
VZT1oj,247.0,lNRFVQCHtDRK1WTqJp
UmTCiN,245.65,uE963vA5iCMYzog6Ua
bGtqsA,362.01,RScpB4nji2yF3rkiHN
BGPiSL,362.01,qtaaJHzb2Z5ajdhVR7
Ij2Z5A,362.01,hwYIGDEfW4sJhP781A
dLYsCe,361.73,I89sEGwZUtUSRF3nSR
SInF3V,458.99,RoePQUGOkqMmQ0YBLA
V3SSXR,458.99,qysdl91QFTJBeNQExE
WxBXcZ,459.01,dMWVntZr85hczLGrFk
CGgAm3,459.01,bIbZeuZpKcbsQFE5eL
i8IpQr,458.01,ZKii6pIYoMYNe0Yr0z
vgSlvS,458.01,NOTJr9LUTVLPZyDa41
cZOwXd,457.58,0oBqLnpVaO4whqAt8d
lRqzo7,479.0,pXRJnDX7TlBq9UjGen
mDPHFj,479.0,zsQqFOGIAQKTPVvR7X
jXP6Wr,479.0,wldoPGKn1aP5RlsYr9
K515na,479.0,wysUIsU9frkcilQUY4
eC33be,479.0,NEHOyG4IZLZ1xDgUYO
A2OU50,479.0,48MAhXUoC2FUCw0GzU
eeru7s,479.0,EUeAapf8QEoaZBwIxN
37H7VX,478.28,aoAvHQ19B7e5udSBUE
gUqXn1,431.99,ballLAJeviOugt985k
QQuUO5,431.99,1PLn1jOmcpKIoCL1um
ffsyux,431.99,MrujO0JjsfaAlRSnjk
BpDb0O,431.01,nrEh3cuc
2thl7d,430.67,KX1Bx6INwrXUaoLztP
oVh1pG,414.01,CGyNulr0HY5Pd75e9t
tNPDHc,415.01,02Cl1O2W
au0Y0R,414.01,MRfLb9dooMYaee3Akj
s41a9P,414.01,nZ4bEwZLxQbJIWqy7s
Qu9RQA,413.11,mjaKy4JQ
bDM8Wz,452.02,g7P9CidVozyPHHPxZ1
kd9Ueo,451.98,yKLJK96OlwtpKNdfDZ
FSjNPt,451.98,oDgoI0yUa1jltCz7qY
ZHr1TI,451.98,3QNdELdetIn68sLT20
9gyDHl,452.02,Yf4OKT6jrTtPGmL14U
V0nAhs,451.0,bMCQ0Kx9w8mwZaMSoi
LHdI0D,451.0,WtyIuAycy5QYePgDYx
tPD3lt,450.14,EB50NKq8gDpHVbs1PR
1JrD4u,489.98,RkU4MOQOm3TM6KGAdW
v1XMqj,156.01,V3MB6ZQWB1gP1x5ULK
bNe5oS,155.68,xKjN6sBmWP2oUszyoz
vcQAuA,440.0,eDo3ySmhhctwyo37Jo
bw2PkB,439.99,Ga7S6WAWFRZvK5eh6n
NC33Ll,439.99,u1sNuNWVDAu4518K5B
6Hl3iY,439.99,lK2vyBE4IW2kqmbFfq
uhLq1X,439.01,D6Xwmml9VOEkUiHkzU
tRGiW5,439.01,PlDjVqeN4PYQCnCc8D
7HyXvt,438.88,QmZO0SGhnUlUj3teQ6
RXympW,484.01,wmXMjliGrTMoTXwzpE
Qqkbwj,483.99,dGC8BH4FPTOBtFYeZw
1tpMZ1,484.01,q3TjCikCAMG4AzFOhE
JyjoEE,483.99,gwR6Q5AZ4atExOAGGa
AD2mf1,482.6,KssDBMLGf7UB617wyf
PVRwrE,445.0,l4Ag4qLDosW9AJTTdl
Qbi0bz,446.01,EbkqSHya
UEi9La,446.01,HFEkRdoVwFztrPtkzT
OwzmZY,446.01,NCzdeS7rmPpyAVsc7Q
81xYdw,445.0,visnv0cVqvjM5J62KE
9aqVyg,444.98,9JQPScrsYPul7P0CDo
flEFrC,319.02,by8aKDDB
b4zqgW,319.02,ao0swSND
V79Qwc,319.02,hs7NSBtQBQih08RMrA
blWNVy,317.86,Qvp6PvdqdtgWVD1qcL
TFyN5a,422.01,dVeJifTg
2R5uOI,423.01,3anZRWvq
el3bFv,423.01,Qru0zKZqfZZT44EzcQ
890vVI,422.02,9Iui0xPkaCdes2Dyb6
I4ACcJ,421.86,BNcxlgpclv498aGV9M
8KM0ql,468.01,W79KxIzrwGpHds6p5I
qPL6fH,469.0,oDjXagH8XIanbN2DRJ
QEMhux,469.0,D3rLAPdepwLekUoFMU
w9pZ2s,468.01,EQ10qM63GRtXJfYhbq
9SYxbp,468.01,QroUFNRpozQnlw1g1V
XE0Z1d,467.99,z7apkuvAX7uIsERBaY
9Hz9XT,468.01,A6mZBBMEacLrnN6w1d
JQATes,467.99,NvG3N24xe3GO86AVGh
8x2ib3,467.71,GIPfR8qEEBnTIlCr8x
KFLgb8,467.99,4WgeiEdAkBiTnGlQOq
TSSWLA,469.0,jAJPyTzhNqtrCavN00
yTdEjm,468.99,4pIQ0hQxDlzSFg7tap
H0zisG,468.01,pQhcuEmW5Oi79xDuWt
Zy0hbL,468.01,r7ToMw2fBvmqpaTK4b
QjoYGL,467.85,3anA2SnTvvICIlDMfL
GXliOr,287.01,SIwG7x9agV1bmrfYa3
zLI3wp,287.9,9XwaGQ7cdHImcUUSib
tadyA3,317.01,QeH6eUI4YRlgmqdLkN
immiPj,318.01,TsK6WUstWl1KYcGhJJ
MDbVUb,316.5,VFPlZ6kg2Xcb9o6O9I
Oq2qN7,487.0,MIYG9DvYw0KpDUZbI3
kXUjYU,487.0,9rPOIkhH7Xb3lT1viK
rSS20M,487.01,IYe446ad6L9xf2Zm95
nvTtLo,487.01,RwdbyX60aXCXXfveYI
sKdZXj,487.01,stowNpKuglK5NuLbBb
YVEhT4,486.99,WPiLB70mg5tZoptU5x
yios0z,487.01,mzqcWeaHiHRQW7LcoY
3jVi1g,485.98,J8jvJIaMbfa2wDy9iI
4vbCub,486.02,RtTtIRVeK5SkP5zrkf
Ypllnp,485.72,bm5Q8aJe3IO0VTV92Y
8rmtyn,408.01,9TVD8ir9
cyvUmS,409.01,dVcZ3DnD6XDioaC4Iu
C0DcZk,409.02,Z9AS0jB7
urn5Ps,408.02,NkmzxxpA
GOWR7M,407.58,vJATe1BS89ldH3UT9x
CcAEd8,454.01,az6brJ6CACDsCToAjA
B1Xk1v,454.01,IIImnrBfSCfucasEfY
W8BRZE,454.02,RRPyMmvk
Fu9lKR,454.02,mPP8dMwNE6PRWfu1sZ
rn4FjY,454.03,s4Q04Gyo
F3Zqet,454.03,NoNFTrnew0NvbAmnM4
ILmyQx,452.99,rAUseNQiMpJ614IShM
HdPDdH,453.01,rW32dMwj83RjdxGKAa
1n9VH9,452.55,P1HS1JlAd7IqFQ74xZ
lCvlJH,442.01,ASWKw9xC
cCVTtW,443.01,ptZNbvdMLUfZ5VXubj
IAvE4i,442.01,wGzOqWxk
0fjvxw,442.01,9KS8ocnN2M9Pxd7qgr
xdeFv4,441.77,L5M0YWlSACLL1gjCLE
dPG32T,423.01,xEAXFVY2Y9xj058rJH
7WYrxp,423.02,bu28F93qm9EhJmb7aJ
jTprko,422.98,vAjH5w98b6XXvKAwDn
VWnj0k,422.98,g7GKFAX8b5mxY4vK8g
uCOG4N,422.54,XyuErSyFzMgHy3Zkq5
bACksG,458.01,QnKYbzsmwjdskEXXWn
WOShcm,459.01,t7qZYo3DBh408BT4QR
SOl6Oz,458.98,Wxq0R1VDWJkfiVWscH
0SzL7M,459.02,FnnKhQX5kAzc2f9Lqs
kvLrN1,459.02,aAbrvtxo4ZYj9B5jcF
O1vPCR,458.02,59C9ADbpwutOC9udxW
IlKW7O,458.02,6gIREXs5SoqvWCkD6g
dJWaN1,458.02,1kx2DifqWg28cjsSCV
K649SZ,457.31,d3QIQ2So
MDkxiv,472.0,EGk7KEPPsr45iOOdrK
3WYxlK,472.0,kb1yiHFbRubTBwDPWs
DQUWES,472.01,IgZK21QM
K702I0,472.01,Y4rhqblOlQDP6aykcB
ScXxAl,472.01,TVhK6uAmCwPWq3ZX47
HqepPq,471.01,dpy8Sblf
A6KKiI,471.01,T1gyEcGH
6XMwSR,470.04,Wtx4DHRA
ENHh6J,483.01,X6bqEWWy
aVXCA4,483.01,1xVYbZv8uEsxpXBS3p
vaTBN6,483.01,uPFOAE1Zq3eTEUKOU7
4QZGAo,483.01,9WuvZ1Rf75DVEnzsLQ
wKck4q,482.99,C6qh1icdXZD92O52KB
2dXVxo,482.99,75EBbAgDRzk0UYHOt3
JvON4j,483.01,Mm0rQ3R5VHSisUSvYx
dqk14y,482.99,sACfrqm7U8MBjvpnny
hYUBOl,482.99,VgrLTlLi32H0aZxihf
PI2O9H,482.63,PCnsNh5cezBkOfhvo6
aqZUy0,444.02,cOtPXKuh
jBvUT7,445.0,2fqMdn0P23ghH5j48G
LHCvaC,445.0,mHB091PeGDNOuxiTQb
pi7Sab,445.0,G0kdggEXGCCaQoNJt7
OM5Dcz,444.02,U0Vdvrzd
XBVypV,443.98,tCcRmOLkr4Fcyx5Xoa
ntIiTE,443.65,tfKlqLv2ABiIY3Guaa
7DsiTi,483.99,ojEPa4hJknzRJG7saL
2XoP1m,485.07,jAaTZ6mhjsMtv5EdAr
OzCJ0E,485.07,ibGB2okU1eQwBeBj9c
2vO61q,484.93,vHCBuecs49Z7br8sLD
wRyVmo,483.99,n9vHl8emltjPLSH2ee
5hD1KX,483.22,AvKUdPZo
v2pNlU,444.99,YifFYq2w17ubkDbwCK
oXV80X,446.01,HxiHp68WuqVQxcIgKk
TG0fP1,445.01,e7PFKGPrbINp9KuSOa
xFM1fS,444.99,jfFdJe73pKI8xt5KYp
jqFt2D,444.19,fYZYVuFt
XECvZD,451.0,0c25J4KzFCpZ446sud
SSiuJR,451.01,MwZSxF7f
KOOfIG,451.01,FLAHQFKqvM0LvDuhEN
p8T1GD,450.33,dOp7fpYp
O91y12,465.01,W18VrGXzisPczZK3ad
yMTxt7,466.01,T3FYXjJZ
loIgHF,466.01,bOkhLiE2EfEyumfZ5A
6iY2y1,465.01,Z3g0uWEYA7v66ZS1gk
hPaFxt,465.02,8a1fifAmEZNGwoo5wC
1oTT8n,465.02,11mu479hvnpwIj4may
EYOlzh,465.02,u5f4ddfBYdp1mjeG7k
gwtXTj,464.3,h97vpauVVnqUYHcBrs
oilvEL,463.01,ojHZrmhG
NEl86t,463.01,mXWlwd2tPrFPey0Q5X
Qa5I12,462.99,6j31bVSEjjoW0NbpXv
xZiEHc,463.01,CBU1CQgw4LxdoblOxR
M3AXL6,462.99,reGKVIzlw2cq8b219O
xYINXe,461.57,662ZV3EUGFj42m0gH7
jmxfD8,426.01,zAOnn5bATtvsGDAZWl
qDCYj4,426.01,JZamBf6EOLWCf41NSU
BReIOi,426.01,bjzn6jE6MUsg02MxLm
X0R5ur,425.01,5N3ZOCuX12RiS3S8Bt
zDFijG,424.67,sPSZbQxVcDJyUDSuRz
Xs9zBM,303.01,xVGU00li4krx8rX7dD
28YQaP,303.01,Ocpo7QIMndkFyMOq0B
IlH3NS,303.01,kDSNZPAsqWc9T9P7sK
aZPaJo,302.29,2lWG6fyX
dXcYjn,441.0,mxYvDPmrRyvJrjODF7
FZ8jg5,442.01,YvhwFo0rNmmsSf8y6x
ZAf7Gf,442.01,sCLwujoA88Dlh4zuZr
Eiy5sG,442.02,0yd1ypJS
7iZUog,440.99,CmWuU4J4lAnDJkOT2y
fJdRmh,441.01,Q7IDvH0IwvSPvyjroT
ofN9Fw,440.49,1Z5ceQzftKac8g3IqW
FUMi85,455.01,eElkwPmAyxoPuPQ2Zc
SrqBrZ,456.01,RN0gt1Ht
gtdg6N,456.01,Iz5P8IUE0gABuqbBgj
4vPoDT,456.01,VUEaHZCm1PasEfzCKb
IKQCJN,456.01,u7D8hPpQTidaLKvPm8
P1bdOF,455.01,x1tnHK8jeErFkRc7EW
0OQruk,455.01,0vVmdl75DU5HUQMPt3
wHMIPK,454.26,nS9je6Gd
r7rter,332.01,ExFNy1VmU8kakH4AKY
Wif6NN,333.01,rkiazFXI
w4tIl0,332.01,XLfxWYSynhcA75b35v
9oiJ4V,331.74,U7zrfPxucIExzC7G4l
7Mb16J,462.01,uwAxbJLY
4OL8gC,462.01,vwkb9qfFUMBWCEgS7C
Am2qRl,462.01,Bg5IVaBnWlsfsjT37l
rujSdO,462.01,G4EnEZ5xAR97tbEyHH
lAoRyK,462.01,gR2mDPsPbWOAIu4oE6
RtvKL2,461.01,qydZ6a1iUooiSRqcFh
d0x63U,461.02,m5gKdPJ7
h23PrS,460.24,cbLcjp50
YLXqam,440.01,9s1wijM4NOAIeIgZIb
fRDPtz,441.01,LJkL5cURcROqf9O7Gd
fIaKdv,441.01,EQwv0zdcBvEwLjCoPx
2h4lwl,440.01,s4D8SN49acviZs3VMW
5YvNcc,440.01,psd5UrvzeF5VAMIO9n
GqYXgt,440.01,h66yFbTNLz6dUGUyHq
Njdia7,439.15,LpUjlosV
O5w80m,475.99,aAamKYardIr7H9GEM9
ZWY5RQ,476.01,E6nhfSKFuEVugjvJXP
VNwH8o,476.01,apiH2WxPCa35shiJou
LWAGQm,476.02,XiMntrtR
mXIzr2,476.02,P51wnJJJ
q5xSBE,475.0,mwHaUUk1GZDqgFcdto
zRcnHJ,475.0,F7L3llYqciulOLq8AE
Y27yPR,474.29,juDfzLvg
QHwmm8,431.01,lboSKniG
NLL3QX,431.01,NOt9nTP5Wwdd3vp0Ne
DuFQMy,431.01,UFoDVsg7D7VU0cAKKX
mo2x0Q,429.99,uTweCtuNXa1qfz7KSY
RXXUdg,429.97,AO4TwM1mSWlZe5RPYh
1r1k18,431.02,pQEh9l5e
nxBI70,432.01,xyuWyk2vhny3UlyTQV
9Je8GU,432.01,z1fT1JHofj4FkMesej
4d3aBv,431.02,qGpxW3IdTdEoxX4j1S
FL9z8v,430.4,ZQbS5gwN
veZWep,465.02,RLtaI3LEDE5ZaN54pv
QpJX7k,465.02,p4Zddfb1bpG7lYuIaH
UEEuGg,465.02,HOZ895efAEbypiIFTp
hprPtm,465.02,ILDc8TWchHIN12EDLy
ssWGsl,464.98,G2v4legi9AKpolCeRU
uGkWKO,465.02,bnJWGVqxJ4T8robPU2
eJpRq8,465.02,o9qHcNNxYDeLvIjYKx
bpMwtj,464.0,kP38XyFER4KWCYse4P
GFna7s,464.0,dn9OHfR3V5ajjrCeJG
fYgzPf,463.06,561cMV7woIieYiB4Ee
htRjQe,435.01,RL7TlNX1CNrQ1LgEXc
IIjGQu,436.01,MsslauVN
I9m0wS,436.01,Nd3L3SI0M4sdzqy4jb
3v5WhJ,435.01,v5OvZra8GxeFn1wzw8
0XD7bg,435.02,c0QbsZSjKspJhF0jYR
BkJEYh,434.07,QlCIu2SQ
dFTiPu,306.01,NWSzRd3pLZu9ipMzI7
NvPnyu,307.01,BlVp3Gc5ZHFeMBxVqg
UyBVaO,306.01,PKrOX3GnV7CAKc8B6U
EXP1c2,305.05,AOxJSzPmWfz7kIecdd
rx4iOP,349.01,zCsta8ky
y3iRgM,350.01,WJuHCx0J
PggsFq,348.84,ncLwQOkhu6NrHJyUUH
kg3KUX,480.99,oV9OH6sjFffUmCTedx
ZzNpIc,480.99,KDN8W6IenhnnUV4upL
CFBasj,480.99,CJxrWbhdSeNKmXRoMR
eZZj2P,481.02,OBLWZ2I8
LKO4IY,481.02,FH2FmaXQOx0aSaM8Fl
ZiJEQs,479.99,4ID5Rrqa26vR0LK1Vk
oXkjow,479.99,s0m8BoWZQv6wFGPygZ
GH1yGE,479.11,c98on9Pg
KH7ozs,468.01,j4tGRB0RYO7RQvmNTr
2ppZar,468.02,jsgMn60jJy2aCGpPWT
1kBoUg,467.98,0khfCkXxmK4PjJlCNh
q7I8GG,467.98,8WkteifBREE7AYeV2p
JIzO8Z,466.99,rMQ7vq90687cTxJIBw
cq5cYD,466.34,mVLS7PEj
5rS1HH,326.01,8GTCXcO9
3jS8YE,327.01,sZPnvp3S
nTklDs,326.31,VdHzoDfn
FRQV0a,329.01,0a2fkB61
G0LVrq,329.01,UaJGX6WuyXknmrUgAn
PMlaOM,328.48,m5O3cOX3DQABbt6wx9
k1gorY,427.01,wsBUfhNs
ttwqLJ,428.01,8aegSQBA
9D3aWY,427.01,6yuFbJHO
rHx8P4,427.01,qnHrghuVEPuQ4PqZVU
jWFr7w,427.01,sQaqFpVRGyzZFjBytV
WHHEmb,426.41,6khkgDjs
OhIBCE,460.01,J1Nlcxud9ycBs3wZFV
YbE21b,461.02,TB9aDg8TM4VAykW74X
XRqmwv,461.02,2yqIafEQpNqXDZAKGH
JL44T7,461.02,oovX2LEDsi0onLd3GN
WmgsR4,460.01,mmHFBb5K9zzGTWOiPE
LJkPQz,459.23,oHJAqsUNkDEIULcgcD
DXGIU3,446.99,pRE3CUkBiIPYvBm9Fn
GLcWoM,448.01,0LXohmeD
CT6WN0,448.01,gImGCO4lZQaVdGFBGN
yF5vD5,448.01,EFd0a36oFmDVIwsQWv
vUfls1,448.01,5kIPgq1If4yrxTY6x4
EHCW6k,446.99,uQYGu77FvGgLTY61zq
Drb8y8,447.01,idtDEnwd0QGr6RuVzD
9deLEm,447.01,XtnTAImT6QJBJppnq2
uGCFiX,446.62,UkBJNFsTOdlyUH7jxW
k1udYn,461.02,15rVYqU4NHMMGBKea9
xo3lii,462.01,ueVAhO2QH9FecXJYwA
B3VBmv,461.02,bOB8dPAEFrxNMnpM1k
WBrzMi,461.02,CCuhjvD90nx4Z4uTzY
ooQKBm,461.02,Y3prmz77TiD4dkG9uF
xARmko,461.02,H7t8X2bqdWNQj6xnw7
o3UQpd,461.03,MRpEwYRb
acKPa5,461.03,aZyFrdeY
Th5qT7,460.97,t7Ixg8959EqvPMLxll
Wjg3Me,460.72,Mtjr35fENOdOP4NLkn
R1kjae,189.01,bm2WUWAh
JEod4l,189.02,EoYA9QCcmH1V84XxE8
XUKEjE,429.01,Px94NucNuul59mZxZP
jXZdfa,429.01,bSe8CTcX0JQYvzswl9
8zfw74,429.01,hbPDo7bqErZQCJIrmi
cKMWzX,428.01,CHoqgtjmakQiHfwd0K
ZuHyfU,427.67,HMO0ZcpYaQssjv9xGM
GDrYZ4,469.01,koM1L6yOQFPCQ516IL
qAbDbP,469.01,egYzh0q4jmc9EAQ5R9
eu4Ct5,469.01,B1L9eXlZ1X0JHT61aF
wO2Baw,468.99,YFROhY434Vzr4AQXR3
yBIW97,468.99,Gud8viZWl1Lz6gRw5q
4jfnRd,469.02,xVARCVW6DdQohp8WIb
1jLFOe,468.98,4ZX3QcOT5HRISoGpwy
71sJYw,469.02,BacU7WYjG7OVcF2MUY
ss53cp,468.98,DBwKWmsFMHbupv0lWe
cwdNUB,468.59,MKiEfPBnjtvMQVhDgf
bz74MG,242.01,zgeExqp6
tfkJsh,242.01,0hpzft9JvdEk5c5rPS
PbWAfv,241.86,PelWLlJiL3CsTHQwDw
0tI45X,448.01,vzeMbpPwT4fWLCUhNa
O9AMtx,449.01,rESQfoTwGG3z2PtX80
xNgK9A,448.01,96LjXdY0zIiXACfsIx
IGiMu1,447.99,CZnBzNwXg8OZBfQSXh
m1aTS4,448.01,hAtqOLPwIMFl0kJToX
REllSh,447.54,fShImSUE5Kf3H58ets
jFvMQk,406.01,ONzUtflYpr7vXQGVqv
B6iNpM,407.01,ZEoec0Jy
ba0lGU,406.01,McWBfULWyZwzjd3VmR
SyL9Ki,405.6,YJ1mzNcaqh6VbkgnWa
eJMu8c,192.01,tfDZSZZsXH8jdBgDb3
rA8Y6A,191.23,F8wZqDXVsw0udTxDKd
vDYbty,459.02,6Z35X8YT20A90wHWKY
H1y42t,460.01,iFuq8rce2nsvP7Ycua
dtvqhk,459.98,A5RpVfsFzNNN3OBmMs
Pm91Nb,459.98,8WPLxLkkABbZfKgKQC
PXlCUf,458.98,KwHUFJIVNuWqzjBM29
fZvH7l,459.02,JjxXinVGnofzYuuZ1o
X4wVXw,458.1,5ADGzgMv
OaNj9t,465.02,pvYY9nSdv3bSFiBljH
b3fxU7,465.03,7ckacwjnEmNZoiy42q
IhBYSK,465.03,EtG0mDHEfz2avXG0rz
x00vJf,464.97,ZrLVM4NHSUH7ocvYTL
F7Lz9Y,465.03,Se9WrK23kZGZxsfnUE
VF0avs,465.04,tV0ZGVmLVO3DObfYAu
OBdcJd,464.16,Cpu2LXW4BD8Wz2eWzS
5wDerx,411.01,PkVbrcYT
0OPmbX,412.01,zk1yDWiX7p6ZPDBaxn
fIsZgW,412.01,UB9x2KPR5r85HVr8tI
21qQqF,411.01,ahBTOBTS
d5ltXr,410.07,hj35XgzN
2G92zA,461.99,NW5NluC4aMmnqmwmOV
AIzFsk,462.99,TYudIMkGQ5QNSHhm2Y
KgEbSC,462.99,7v0g4C4agAHvqHcpqs
5344zF,462.02,44C7LL0o
NkH6a2,461.03,LOk12fnAjtmmvjeVzZ
xVoTYc,488.01,dap5zxd8qSgEsSoNur
XGbtc1,488.99,2orvWQeWa6m2WBqIiK
qXqgN6,488.99,1eKbrgQJtFjHD3oK17
TQxVXc,489.02,bZOQ6nYmdDvrHJbfdv
5UlGxV,487.99,yi8a1nNDxqZLDiqiZC
dpS8YL,488.01,FueGW2yvfiTRG3kwCK
Yw1L8j,488.01,zi5Nv7iItHS3aODyyd
FN6V9K,488.01,Oh63BTA9KibGqw57S7
76NpKC,487.57,DcDMcxxDTX0Lj0Arou
WOm2EW,348.01,efnesFP2
76AzVZ,348.01,GILykeyTsttcNtJxqO
ruM8po,346.71,4DOewcpKG4NpPVKjJq
IkSb0R,485.98,9YzOrwa9XQg6dTY3RV
mKPV7d,486.03,xqJIEDzY
YcJ4x8,486.03,5QlJ0TCx
eXQbIm,486.03,f0aZ2g3NbV9NFyAw13
QkaswE,485.97,6ZHUY1yR4Hlz5TtELG
ZR5V2b,485.97,CGMPLOEcpEHGiL97j0
tfHkFb,484.93,r6aJTsU9IUklt3mKZL
Btw0UG,484.26,IqIoBCwV
pb2Il6,400.01,0n1BHpNZ
pE1FqE,401.01,hOOyub4KJ67Gj6IOmE
NU7c0X,401.02,VHSuWJhM
dDLg5h,401.02,saWCaI4K5Owub5IMYk
j6JcZu,399.05,0d0ibIar2jkX0otCyP
vn3W7I,459.02,MSvquiOF6RYEha8ntu
uM8wYK,460.02,dkXTFNFe
JGtwSt,459.03,YWFzWRgZ
mPCDxn,458.97,GmYBXFewSwS20CguHi
vhOy5E,459.03,myYdPxON6TODFehGoo
0spKvi,458.97,CoCSdiRlRz02gr4ipr
W4OYd3,459.03,TCGf2kld2ksK2OrokZ
91FX2e,459.03,uWb7U1WLlEUd3dfEHp
qYFl9v,458.97,KDuE29GNSadHvZXBVK
j8Gobd,458.45,QaCbniqh
0s3fBu,471.01,WtKcW4WRelRVoUIkgZ
cSKNGF,470.99,Z9Mf0mmocoUHW3IyPt
6VfZGr,471.01,U5BB59t6K8LGE52Eyd
FlOwuF,471.01,eX9QLr1pXx1V9gv5Vj
eQnFJe,470.98,BMs8QvovNqbIcXW72p
nPxmHV,470.98,PvXmqfgVpu4uTv5Qyb
qOEUkI,470.98,yqxMwdugn6CMZ7tacL
Motnua,469.67,Du9GRqHAoiRwhCjy7I
QCEfDr,489.98,eZdAuDAh0SCKaV8Cu1
A0RuqJ,489.97,GHrUXOhjKlDPd6v2Eq
3eOWWL,489.97,8zuStacoEbE176aflm
PmL4zd,489.97,f8S88N68h8TstNiAAf
S7MkBH,489.97,wGGXzABYb7AIUteGFQ
Jp9H0f,489.54,P7UzdDA4UgS0C7CJGW
uYTgbk,481.02,taaCd1mSwMSSLSiHqr
hVmEZW,481.02,Mt01iMuA7juZtmiB7k
qLFmQW,480.98,8jOc8v7PM7GAuuIEDk
2J81mY,480.98,Dod8pIBGl6K7EGWIyA
25i0VU,480.01,HqNR8OqsW4qNgHuMIr
wuKJGN,474.02,ns1xXKW3wCduk7RF72
mI3Ppa,475.01,qMSeMrRRtW1INwr47m
mI3Ppa,475.01,qMSeMrRRtW1INwr47m
MoeqzH,474.99,NQwlwQsOHwpsn350z1
7ynUxB,474.99,JqvcijFTvCQn7JKr84
jxNq8A,473.99,8jvJlDd9lM3qNDWSlh
jxNq8A,473.99,8jvJlDd9lM3qNDWSlh
jxNq8A,473.99,8jvJlDd9lM3qNDWSlh
AWERXp,457.01,zLuXrQipdme4oy5Azm
OH18wk,458.03,rdPAb8yVxsWiXHwkx2
c12QSK,458.03,AOeggSApsV6Ir9UJid
kZsJ8P,457.01,doAtx5GHSpHZ2oGe86
sVfnJU,457.01,xh4odELp
iKTtQw,456.99,fGWg4Cv4JMOUin9GRW
iRI76D,457.01,tjPB26z34I5gdDOQH6
vCejla,456.36,kbyLEykfiOnI258qIl
kyAvwC,458.97,4AG9WfDXkoblNHJqEj
JZUmEt,460.02,FlwKoIQqJQKVM3ZFgI
CzJP8i,460.02,e4ZqjLVHGfnOkLNGBQ
TVKtCk,460.02,OGVTd2a4dY4hiChBKb
DhywhW,458.97,AOAGtYN6vhtTHPnyfo
1Fc4Jr,459.03,2HyFC4G6M1kcge5o2R
6jwTYp,458.22,dYwgbo2RvZIX6udWBA
aBfUCt,462.02,3OOIcd6w
jH5tKa,462.02,2ANBGFiGVOSVLsbL8E
W95fVk,461.98,Z5w6RTqEcYOQZdTkV6
rAl0Uw,462.02,JKuplMggNrhKV3ZZYX
xtUfR3,462.02,4RFCIXsA3FKgiPm8ms
6PUiyS,462.02,zZi0pxGJePUIaUZlo7
Tb0t6V,461.98,gBMmMNNt41VMrZwvEe
bBPdUU,462.03,D5NHsn7OpU0XPUUB8K
cHvCuL,461.03,ocqTaE7b99Uw5ROCWx
wZtVaN,460.17,25ChjGtLWCpZG7asYi
UVjjPb,489.97,vqg7ynurHd1OgTcFMb
9rg3aE,489.97,QcuL7s8n7PWY1NJ9Xb
1dvOCU,489.97,B3X5MkL3zD3AP09Nza
LHIoW9,489.96,X1OwiWswJY7navdQaU
rQdZzw,489.96,RHx9TxWKHqdwt39FIo
MdvUrp,489.52,UcmYaASDRn5lAW7i5X
IzW14A,484.01,tZH4yGpwzzVul3OE2J
Jm7c5Q,484.01,kwW5LcieN0xnG5a5HI
bpgIRG,483.98,DZYShlMRzX1XUhNvzo
crfvYx,483.98,rdH9iioi5fNpwM9D4m
jsKdMs,482.21,bQi76r5z
tIL5e7,453.97,WV5miEE1A75DdrOsvX
xmEtLR,454.99,6rWyYdpTRTKnPu8TY9
y5LHk1,453.97,27jiwJZjopklnZxVId
NT1NVG,453.63,qL7ws5SfLsEARewwc7
Z3Gvce,472.01,0hzODWPniRfbsgmzDa
GsKju3,472.99,YgeHfUm12qC3y8FtQo
ZpzBBS,472.01,pEnNCNzQrxuflSi9CD
M8aLZI,471.99,V5ptENbZSeDUaYY11M
ETSsOS,472.01,vXzvKoznKYGQaT1JQA
5l2sr5,471.98,YdgVOUKI2slcuemmFZ
IEQzH5,471.98,7mKbP3SnKOHafcyxjI
ZG2lkK,471.54,VeOeU7g1TaOUAeotNf
nLxDej,445.99,GUpZXEZ8WxSZqSwyGb
r0SVBC,446.01,1OQjYMJxurRufFLPlH
k6Im5v,446.01,NTeyG1yEgW6C2IFiX3
K055hU,445.98,62yhTE48cw5KrZEzNA
cS0uif,445.98,SVYpvqLXX94REt79sw
LV1gUV,445.29,CaA1Jw28ZUBy35VnqQ
t5lvXW,284.01,QbKxBWmNLs43g93KYJ
aEdR9u,283.99,Pp24HQezXvvetulUBN
fpEpgO,283.06,Mi8iKPk8dIaWv683X1
9tqYBo,370.01,dsznyN5YtP3UgcjOjb
QVaC4e,371.01,0crQJBN33yfBuv5QeM
6oPgTu,371.01,db1hplEeVMx2RJkZVk
dC85OR,369.02,B9kNZpu2cOlEUPrvaq
kRSHEd,487.99,cncO1kOWo2rdW1mau5
ISRrtZ,487.99,3hxbNLpnENJfzRB2Ut
erTyZA,487.99,Mr704FiGzPyiLVOcdy
ocDsgT,487.99,9aKyltpmI9IaPZsyIu
eh50Ne,487.99,HBaZV0Lsst6lcf4juT
YLmUe8,488.01,d4Qfk9WEFBuwH4KugX
acv4dS,488.01,rBzaADbwl4LkBUBQPu
N94bgl,488.01,s1oBaMHeadtrFpTkQm
O77Zzi,487.99,ANxyyXhmXd9E3EC7Tp
Ps1Pge,487.66,Gyx1oL3WIRp2wVkjMx
Mb3w14,460.02,xj3z0jOJx03ifmdxBA
nexdxq,460.02,WXjRcuZZ
zs5mcg,459.97,6JopI8WDBr0VaOCurm
Is9cIU,459.97,YoWFHE8VKbJxuXSgqs
7MnwG2,459.03,deVazMBf0IbVapk8s9
59Gc8R,459.04,ZcCTs68Dsy3vq30k1P
IU1uW0,458.95,1EHULhHCBJ13dt4Dwf
rZMxV1,472.02,Jn5VKrnTZ5TaBpoT5O
fYrW4S,473.01,VrT8QoR42uURKd9YNK
cG2A5u,472.02,0y64V0h7XVtBS8VeOY
sfjDhl,471.98,GDNFImBb5CzMJX8mMQ
GTOG0P,471.59,VlQnGjzNCuRm2kj98C
JcOdjT,425.99,iinXJrc1YFOojhDhf0
Nu8Va3,427.01,LtEPnVRv5PluLYQSZk
RB2qcZ,425.98,hsQx6XWHJ32Sm2KmjM
5qPjdu,425.98,1IJ5N0o0pZ7pMNamAa
1ZGwZv,425.17,pzRaF7ZN
eke26g,400.01,wUTxZkgabhayVGbZ7N
zzt5BM,401.02,rKjDTNTOsDb9Mx2j07
vaVrQW,400.01,uKzid6fXA4qAt6qcY8
JfDaqE,400.01,zoatf27F
3GXiOJ,399.15,BraXXYqITEYd290ykn
jZZJDM,443.01,NGQUYvl8hBms7LCzNr
G2Y1Ff,443.98,IgtsTx8xfxejWbbZZB
k7DScF,444.02,L4oD28JrWvSsW6xBGa
oydaRu,442.51,RDOKmOKboXDrTMSBak
qGv9KU,416.01,7maPF8xF033dBu294Y
sgDNCM,417.01,H6upTxLnl61fKXk3XZ
6GcuUr,417.01,TSt681mxru0g3sYzBa
qxAgBJ,415.8,Bhg2gQwoFwNP97IzNN
m2MpVK,460.97,YSUP7bdN8o9mR6kpSf
pdLyoW,461.03,AsjU0MbHV8zmlx1Q6M
Dk5bov,460.97,XLfmwHlrDdLy9KC055
k5AZNk,461.03,te0bV1TFdMFdZoTfiP
pDJxli,459.97,wkgbDDhH4SB3dxib1u
OHMqFa,459.59,r0n399hmJYwYcWszbm
cycZAw,449.01,2F0I6D7PoboViiEzBf
bVfkwR,449.99,jlsokIlUzSscxOnBhx
vokZM9,449.99,6krBm3zWvKJ14Ad0l5
yRmWwn,448.99,0T9CumF2hQQ6BjxG3w
RX936I,449.01,kUh5tuXVjnR8b4QFXs
qYJG0x,448.45,uxCvm2bkC89zHEpxPl
vWDNSF,451.98,LNkMU6ui9sm0yteWBY
8a06Mh,453.01,wC7v2TV04OT9nIJDJ4
LlQknN,453.02,j0lmKb6Ap4PTUKGxOu
aWq51f,451.22,mxBXlvPzRA1UEOomEi
FiHhPD,466.01,DE2nn4LzlEoIpJBchG
n8bvLQ,467.01,x1fSsJqx1ZeaFSE3A7
2VEB5W,465.99,4y2vrUFddgbvRD0a6m
IeqI9Y,465.99,CKNbvLiEp6e5De48lh
pCt0aO,465.99,jMGY5NN3j8nfQO0NaY
ItxxrO,465.82,aDrrTL3SLMYQST9ORe
1YRleJ,465.98,BCXmQN6yQNiC5zrzep
xTdnVW,465.98,Pzdh9uy9Sq35gkRAZa
Uobu9b,466.02,GwiKXEpR4AL6oICMR8
Wd6UIJ,466.02,gsjIcQapcRtgBZInBF
LuWJpl,466.02,i0xpZts4
79O3yE,464.42,PSEjJp5GzpJL7EcbY9
sczula,479.01,ALqmbKoOT0KvQIaUwE
o29AEZ,479.01,rF8RLoxqDKXmUvL6Ti
6yPFuw,479.01,9mFUwbaxWpmbYFSfIO
b4e6kN,479.01,yAZqrSnbj3faLYUOS0
AnkYER,478.02,zBHuCGLZFEJw7vLxVK
94WwrB,477.66,DWvyiPKpBb9K1R0qbd
aZodll,448.99,j70xjREH0w28sCdQFp
412kLg,449.01,f0uLRCtuZhRnNcyYg9
6Mc5b1,448.98,f4iGjXNuXbZvBlA6FV
if4Gab,448.28,ozyJ2ayyRvLC2yIUoi
kJ8pqu,365.01,JvXV91engcLarlsHpc
HWEZss,365.01,XIVY3oSmFFj2RMPREv
huZKKr,365.01,GGpaBJYXghF5iDhL3o
xK2UgN,363.37,hAcXbQ6cVQYsYtqj8d
7Vofqa,460.97,eYNbX8CBk27Kpzk9vW
g5F0vE,461.97,FLXMIuwMR4DjR1wu1Z
Koqa9u,461.03,fA9a4UOdbW4aUM0ICK
YhQMbW,461.04,M91rrupP2bbpHi1tFa
6ijTtm,460.49,xAVcAdJnkmQLtcyLO3
DCZmcR,464.96,g7sr7VjtZUl1Em9C7o
iu4xBl,465.98,eniXeoRtjxtEkOHCDz
STltv0,465.98,VeNI7c77tYVxT9q6Ul
64lyOS,466.02,EVJDYSsClfxGP8F2NL
HrCxY1,466.02,asCmKwp9leLkDAnVmM
01VkDE,466.03,EbpaDXMhjlFhs7omZ8
798huT,465.04,JttMIoLzr8mgufE1mq
hc8lDX,464.96,jdLEQjlMwFQlJn8NKw
xdA0Yq,464.39,1Xyp119h
yZoCe3,427.01,hnQXT6Z6ZXyUycAJYJ
Wx87BA,427.02,I3xIt8qBtxRLGaQm30
iTH9Yt,427.02,M1QtPldKl5MevP3kRN
6zTo7q,427.02,o4xUPlUoqHioV2VUG3
ItTC4F,427.02,8v7kdYXDSTO4VU3Abr
mQNxhL,426.75,35i0TDzcAp7MwlCLHy
Bh4jjx,390.01,otMFkVg5ovklLOXQF5
S1mD56,391.01,GUmImEEv
HICmP3,390.01,3tooVLqsHwb3nup642
Bfi6WW,389.53,j3RiISROSujPNpHeWI
bMC0NZ,476.02,fjnu0IEKmPjbbjyqvo
gLNVqi,476.98,4VdsNVHEhOs5ric7BK
DfqCKw,476.98,y6sELVZXEJkaoBR7To
KWDIZZ,475.98,elQaWesmi2RibWA6Rs
CNXnNJ,476.02,InqyGrg1Qb6bFMebT8
RIvtwA,475.98,4QLFnWzNSd7rqSVZ1x
IL7i5K,475.98,LKs0nDG5eo3N33rAJP
9vseE2,475.24,xT8mj5Ds6kJqrUt5PW
ShT8ZB,406.01,R3eCrPBarwzxg6qBrb
YXBRNT,407.01,nTIeqQRIFMgMtRu7qa
ByqBkM,407.01,b5J9KTmMpd420K9ncQ
5L7Cfc,406.02,eDapOwbPD3Zd9rrjgM
sQXuKJ,405.82,nOSlXglcQPfaGoayIm
pUd2KP,457.97,uCQv1Sxh5zGsax9y29
vaUcGE,458.96,i2orAM3PzKEGUBbt4S
Oma0qe,458.96,uTZZsEGwaD6AhHsPVV
WEu6V0,458.96,djhexG2kilIdmAf2aP
f2GK4o,458.96,Pi4mBS6HpTM6pteOdD
edauT3,457.97,vpbsgmNxEamwnSD9MK
mEFg7J,458.03,vviOA4TUnw4rvGedyr
NxNquP,457.13,SdrIG0Xsv3wg3ZeMwB
cZcmfG,294.01,vYSSwXZbS1F8p68cNg
Y8vLIV,295.01,ZlPX0pv888S3NkjbBy
2zQBTh,294.01,oTg36IOtsCr6mWVijH
o1QynW,293.95,srhixAbpfzy5bSKQWL
z7jSa2,210.96,66KIQvDrglNqrHO35G
3rnkMo,210.7,UqTIlTf76rBSPgF78o
wQjWWP,189.01,4dX4RaWMYfKVDboorP
rvsRza,188.38,CzF1OtFPpwI6egkJtq
wL6sfO,441.01,kcqYBOAtcS68ucXaBz
0BlMuN,441.01,cNbmKXINxpVEeTFrvG
oo5cdb,441.01,HQLm5t6gZVWVql63ES
LBh5pn,441.01,UKdloJiGvmQWm89ZQI
tHV3lH,440.99,WARJ7QsKLTX164H9Iu
8ZkIkC,440.99,Okg3x5t55vEBt2qp0r
UoVXX1,440.99,AXhAb77tW9XxIChXtR
RngngL,439.96,pbzRkEfvrYdtYXXv1T
dIUl6s,326.01,hC3OpgUVo7KTaQFIMb
0MVZPs,325.68,IBB6jqXuHhZ3qukIld
2oIGzk,487.99,uzVKSzW6SOPLWBm3oB
PSe7NW,488.01,pUDHuM8BKEAuQgiIAT
pTaWgw,488.02,DwaolIom3ufTdaL4zs
fEdIkp,488.02,rBRHqJ3FmK7HHZRDVg
zNAlSp,488.02,QqIPj760
RLX1Ly,488.02,XvdMY47d98CkfVdyHx
2K8nPo,487.98,hkXgH8YLQXyKKoWB62
bezVzf,488.02,bSVchneNwGTEXz2gFT
nlbY1R,488.02,CFKip6KTHBG7cWRjhB
cHDGfs,486.89,9PFqDffFHMoHR4e4u5
O8G7uH,465.04,H8oWMTq7yTLC1Kte7x
Ink0Yz,466.03,OIhsUMWd
bmG8cC,465.97,YhPN9NDQ6IGCx9yNFL
6w3Dwq,466.03,kuCuZ16TjdmOmMIhcs
n5iSZ7,464.96,pjYn9vXbHVFF4DXtCL
URAUuG,464.96,Lg2kHleaxSu63FImqr
y6t9bD,464.96,5d3DHDVUBqjeDhA0V5
ohXICi,464.77,XkYXV2KMT0bBbkGJuZ
f6sqPs,275.01,iF3NLNoRQVxhNirSlt
LRaH6R,276.01,BwXncTyF0kYmsBGZ5z
Zig8pt,274.89,i4BS24eDnZEAtVeQ9q
onjiOa,483.01,M5qT0rZx5iISLQUN3Z
fdkJx4,483.01,YhneN53Ctmi18Y8C3u
e0VPm9,482.99,nt8HG35lquHoQun7MV
V1xSK7,483.01,2CgtJdZZu1ADgHx51L
5RH0Ux,482.98,dCVLTD2bUJZ3cBDxKv
umwDub,482.98,GWW9U1jnp62enRUHca
a5pHyW,483.02,CN14wCUKzkVTkhRln5
qyU2rf,482.81,5YkaBgjCzelvQh2Ctv
JVGt0N,429.01,5z32jpWBe5L8vCl9Wa
QSQxTI,429.01,LgnGU3bNPZJfj6wz3F
5nUn9G,429.01,AOsvADBTNDl0RWOAVu
drREXT,427.73,ZLvdx6CmGcfDWn1zxO
XasbTY,406.02,qJCWQ02FvEjNshZl09
hhSrmp,406.02,gDikld0hAkfwpHefxQ
nE1gow,406.02,twSR7v83jQbXmE5i8l
5cqqf6,406.02,y1nCBj61sXlWeayCnV
rniI9B,405.65,nlKsbkYJTBTm18PCIL
qOwhGw,452.98,duIRip2DWVJu421qQf
I86E8T,453.02,99jGB9nG
RjK3FD,453.02,Tz9aUHiP09yDCqTof1
6Bb0vY,453.02,eyxAnozTXsAii10cdm
LHDokB,452.98,dzd3aWbBBmLlvIKCZL
pTmDMH,453.02,0zv5PkXtbrn8LrS4eB
kD6X58,453.02,SfxUw8iiQLFCcQg6QQ
q4uCv2,453.02,TNqeSB9HnZQYbeC51I
7qOKsl,451.8,bnMecDXVVpW28embn3
ndbK0e,307.01,jqSSHVWXlcXAP9oZlS
TdjvHI,307.01,5eHf05W3YAPHb6sUBO
LnQWJt,306.79,tRmZGWXqkVUcudrt5y
xYUkf5,449.99,Pk1FmFokpF1wpLlUnI
xwqog4,450.99,zx55MCPNqPEs8mW6G7
rtAvug,449.99,hOk8qrnXED0Ud0JXvS
RC9UzH,449.99,pnhN1Ikb7dGmoKqQtF
IbVZj0,450.01,mv6uQfoO2l5Lsxq3U2
zTZ2Y9,450.01,oOQwcf3Dsmu2JW0KWT
Ehi1WU,449.6,Bk0szBGArBZ8LrpRiY
tDRyt4,275.01,KE1kbAUTZIRAXoKVVR
zCrjBK,275.01,5N9Hhu6PcTHzxVIy0p
8OPMlv,274.53,6ytiuLUnqQy3WmQU69
ZirnT2,284.01,8ctymds6jsJYCpkmeC
wm0Mq3,285.01,8QZVBsLlMe79MRtSn2
mXrXw0,284.01,ygwfVaNo763vrtiqY7
FAEI6M,283.91,ue5ct35YTYABNhDAhT
G049WU,431.02,v4Qv3PnIJOhGH8OjcG
xajdmy,431.99,0FR1OhceKj3hM9bB8D
utGq1E,432.01,EFIrUohvsruFuPu3It
btznet,430.98,YZ5RUu6h9VaCZUFpl8
KQ73NG,430.98,KFMf2wc25TfnWl1b9o
3cLgip,430.45,6Gaczgi3Kx1MTOfbWR
fDP2S7,481.02,7y6MAyVdaYW6GNU2UX
AGfKac,482.15,ild0Lc9hPeROrXYOIJ
yWt0ho,482.15,QV4XZwwOkajSmk3Amg
ShFudC,482.01,f1ggE0T3
xD8lP6,481.99,yJqVjfhHDwiPI8mMEF
y8CwTN,481.02,QSetzz2WL7avqHEsxS
SXQlBZ,480.98,X3A5kJ50yZUyDMDF4o
Uq0u0h,480.98,XmgmDBPQMiCsUtt3AX
zSBDoP,480.84,sMf0y7Rsd1MpPFDZup
Nhu5mV,334.01,2VMOIKXeXOgtrn6jgD
kS9GsL,335.01,bWwEtEUnV1CnixOUgs
hRlyzY,335.01,q5A72G9ffFHNF2GlW1
Chs765,333.76,qo1FPxryJSZgPs7Ekm
yW4emT,447.01,gdpn1Z41Pt5k3T5OwT
uHrzeX,447.98,e7izLKSiPlKYyPiKyK
7dCyAt,447.98,GTenJbDqtNSO56c9Cb
CTsvSQ,447.98,BH9pgEEVTire1JoMgu
L4WqsQ,447.02,IsFEUTR57eCuFmylFh
LauUjR,446.98,22NgqBoCPa0vutt3fv
xjIMdR,446.98,wd2j6oOlPnyqooK6eu
AsFyci,446.71,25CTgf1ynJwRVZQbcD
z4OJWE,428.01,y1qdUQbGKjnHoJIXd3
7mee0Y,428.01,Nojme432EEFBEi8kZw
4VTls8,428.01,vh2eg9iwqwaxq2oK4w
Hd38PB,428.01,apuFDhBdWqfkkaiTzB
lCTKle,427.99,AhVFTzKPqdtiJZJdsu
Yh5joA,428.01,ajSAP3rDe2fYksu8Oh
wVTihb,427.65,RePZUqTfVPF4NVQ4Rs
qoyQjx,461.97,uuKyQvqBWL86cC6PQy
WtN6ea,462.99,9LMRhm4nOIP89cnzk9
Okxw4w,462.99,ffig1Dl4CoG19XDCMF
UoEKpm,463.01,jAjKrHok0IF9KwOqSX
Zk2S8J,461.97,d7y4JXKDWXyJmEPL2j
INwGQA,461.97,ntiE7a5SjRKHrvPYwf
pEAEjc,461.97,GcAklkSwdvJa5vD7Oc
wF04qq,462.03,VZsm4RyCuynADczTM3
259rxR,461.86,2x64ptxhZGJEPPQuAw
F4JCMJ,463.01,GzUTRTS91XTCGitQZD
RzU2or,462.98,MLk63bG6XAeWx4cHDI
kSDesz,463.02,tY719EP2
aMLp6p,462.98,vSa0jsEOxTErDk9zsl
hv6oVG,463.02,VCHYSNh3plf1TYVGtd
lygqgD,463.02,RCfSvGh07YlvYisIv6
6MTMIK,462.03,UIbTUNPzc1bJe5GuVQ
wwwqoH,462.03,S8j6y8qcy0ZAMv3ZVP
uSnxfQ,461.77,EwTyhOng8g7rqc81XT
o3K9ae,306.01,qFB8yK1vieNaVUxa9w
KDitm8,307.02,BoCilPYadG0YgOmBAL
OeOrAV,306.01,USOKGflrL1Mi2hSsU6
PXGk1M,305.01,Yz2UA9KA
evaehh,443.02,nCOTGuKo
R9mt2n,443.02,5LG08WP0KHq1sSFeu9
trtZXU,442.98,4LV2RELUBAf38ImXUm
qC7shK,443.02,zauqT0v96PTBssVao4
laZ7v4,442.98,RDYCRHHzgxehti2OrU
7Jzmst,442.98,1FKipcyfbpsAnL4HiE
ZlT6mP,441.69,sKk9o1qwa82T7EvcXw
UEByi9,475.01,9n69d6w2SWZNdRwkc9
RoT2a9,476.02,TBhWTjOs2jW81UGFG5
ZyMUdL,475.01,tdTmmpJdygM8QqtMuX
JbCR72,475.02,meqVjgXCYsfnhbP71i
cpOZDJ,474.98,48FVo3wDVy0ZWzF51E
BSkPW1,474.08,D0hNP4voFqIJlxf5FM
fhGdfS,457.01,kfwfGfiHA3T6Ywtx0I
KzX5fT,458.03,GMeZRFksHtZJZnzPHw
Uuqmgf,457.01,U9mBNZKt00J1kzwqZX
5EQYW9,457.01,pIOtGlu3vQ4DksFE2n
VrN68N,456.01,oz6Fv9360D98PhEVw6
yH07oB,264.99,DsYgu6e4RtLdqzltxN
Jn6ZS9,265.01,grnjRcvoYC3wiJsNWF
C9Q5Q6,264.99,ymyHp7gNn6jW4hJqzJ
KQBbPh,263.45,xNN9zHSqe8PL1RjKkR
P0686s,223.01,S5unfJ2dzolL0E0P6R
ZSMAu3,223.56,iSFJFEsAHg5DFYGDAM
DCOiMt,459.97,3jx8Ok6giApG1riQUu
TvbGIU,461.04,0cDSQguP5V7QZlMFeU
jj0jxY,460.03,3tR7ub259ZYMrr31JV
vg4FM6,459.17,viBjm87dlPOMsLwnvo
gAyoKy,220.01,DNdgvzkczd0P6UGOur
55A50a,220.77,rt5RljMuarjQN4zgWc
sXAKdf,174.02,7480CKKpbHkbWTb0JM
F5jfUr,174.04,lhzkAP6wNKJqkgqz8F
R4g0oU,438.01,IORByXrpu38jk1KTKH
Wdiu8n,439.01,BQWGdyBXC9QBRbTsIt
d6Kwud,438.01,4UMvSGtBKM2LUtdPlP
pqNFn8,438.01,Hce6GyTJBgX5euU5a9
CYiwlk,438.01,excy9cPC3sAe6XzFwy
RTzTR2,437.45,YfXZm9qtkKB1n2ZDOp
jS093W,416.01,UG4mOTNTBHO2vMDvF9
SQgtWp,417.01,CMDJFWXSi2UTpfbYGz
wRNhcI,417.02,LexNBfJfeAagvKfOtZ
Vj4leA,416.01,zgruqQY4KQaWcWDCiE
UtwzhG,415.62,XkNxMe8LeB9QhSbBED
IctMn0,479.98,srg1HDoLAdT2XF1DIK
GAwkUb,479.98,4JGHhQCPtP98yg0YlY
cE2zvD,479.98,xTwTK3LRZrL2FYASNn
rHvax1,479.98,dNocJdvN1PpzJi1aOZ
fpxwM7,478.92,DVwsRo24zKIaLLyUcr
8n9bR5,431.98,ZLxW6YOf978SUXya9p
m6XUJQ,431.98,3F664aVldHo1sjh4QK
BFFwen,431.98,cfdKajtlreNOWxqSLL
u1takx,431.98,aRdAWQNOroiCVjhG2W
EFEuEk,430.98,DcP2E6pIG5IeclRqUM
INqACE,430.97,oIv5ZBzufZ51USJroH
shfcLY,430.71,zwuzgzi7yppJu3nbN9
2fDBIU,461.04,F1mVTTo5mTkfbew7KV
AeRNYv,462.03,7xN89FBrTMbr4SKxy6
vWOBm7,462.04,Y8A9SOvxo6esajYade
h0mQtd,462.04,Osa2NUPR0jAoJddjSY
8nClHC,460.96,Kwq9vTdCXo5DVkvxuV
DLrp31,460.96,LAh4bDYTgttEOQ3MuV
ODBwuX,461.04,f68ukqp0u5cjY8WcFI
sjpBLm,460.33,H0Ar4wEb
2lewmU,401.02,t1BF9cefefxynE07BF
knddD4,400.98,px4peUxmxDO0j9M7Ai
C4gWOZ,401.02,VHRtBWiczs9qFBXGWN
iTvIjT,399.6,fxNbaBCN2rEkHfIgoi
rpcAdV,322.01,raoLcjBvkWvZ4GJiHR
RV79GU,323.01,MY1o0iYRbaoM9qlxv3
IIE2cm,322.01,ap6otHDiCNgXa82ucZ
oZ2va9,321.95,tmTTRcJtoEBe7bcMv7
NAJAM5,457.96,AAZerpGPSlMKVf2x5g
OVq5lV,458.96,d0e9aED91N5B6QbcCl
m4ROlM,459.04,btZIvMzYKmbQ0NZn8a
kFJICz,457.84,bVM86qvMY1e9KFr8GV
vPMUaG,451.98,xTyExAmiEM2KdsLXNH
Rjc6Lr,452.03,qlL1oOdcsfo7mbE6tR
OQN4Xr,451.97,nkVx6AfzKXZUZnAFB7
UIhV1C,451.97,TXPtcVBt3NKL4DmF1D
gKyDTe,451.97,nZMos4QU5LauyG17li
8r0rqN,452.03,HLvKOa3zLRherHOsWB
Xcnwaa,450.99,usFBtBnOd5dfBdq6SQ
LP1AVe,450.85,DZqQ1wOX1PCbJH2RvC
PXobvi,486.03,Wjd6sTsh5ztivHvbcT
QBvY1T,486.04,5EXrOydoKU21zv5Q3H
V9NBhl,486.04,7Y0miYkt0AwQ6eyMXd
8arYtm,485.96,QAdlPZmnkFq0xPKKOn
WY8WMi,485.08,YTcm1RmHJWsbJxEJrO
fxFDGZ,485.08,LtCiiOXjmI75U7RYeZ
QZDeqI,484.8,MVbe391jAx7Pfk2HVi
KslfQM,432.02,ZjweVURU2eErIVPLEe
kzoIuS,432.02,ztPKqnM2
Oo3Mxl,432.02,oEL1je67djMHBsqDZK
mgVIyY,431.98,FMCqqBuWbH9OwOJz8q
FM9lvP,432.03,DSW0y8Bb
d3Rjdy,430.75,Awpd4f7GK1zBMJsPFC
wxDIxw,462.97,Vrh9vhPc3oz68cO1M1
2aidcX,462.97,28e3oqV3Iz0mGLLKhG
Cn1O2n,462.97,iQmz6ysLzPfstRFxEX
9u6iz4,462.97,3lHsQkuRxm2nC8TGzl
EqsRUI,463.03,SnTgPiVHB9OPtsxVoX
rR3W6M,462.23,YajBnCclcoFznSV1ZF
wGWPSS,420.01,NMMOBLtHW9BH4pJofU
urmv97,419.98,T4OOD9cPlnbNTnjEzE
YhdloJ,419.98,RXHBtuTSR2In11wjGb
avYIpO,419.98,WtFQT8p7R3Tt0zoClH
H1j2LG,419.98,34vS4JB0i7IcQEAPAB
YBwSgH,419.75,qCydXAsQvhTzBbwdGR
b4Qd95,362.01,MPiwjkyp74Ps0dhuj0
SMRltr,363.01,aBd5ObTF
omhhpn,362.01,3nG115z6Lzpn7lveWJ
z4ZFOR,361.41,x1C6EHzdymunJCAQ1Q
pmB3u8,473.99,O3ow9o7IXbcwsm88BQ
pmB3u8,473.99,O3ow9o7IXbcwsm88BQ
z6bIHV,473.99,IpYDelUrnoI4QWIfyb
7pTq7U,473.99,FxmkOBO0lCn5yLY3y9
f79ycH,474.01,dC9nnxIIfst4e5irm3
VL3YyS,472.63,0SFw8JrCo9K1cR50zf
t5Yc0l,485.08,dVt4WCgU21f1Ij02V9
P4joke,485.08,fnX6yvzkGAWknCFF1o
yAl1gp,485.08,8kjZsE14ACm78pPi5s
E95mSZ,483.82,NoPOqvdgBfJcT2JtUl
v7uP5x,481.02,XE6THJ5Dx7Grh5vGoV
LUm2j0,482.01,njNGANKyzfiE26ZyhJ
dbG7v9,481.03,lMAUIydkcklbaixnIC
NZVcL0,481.03,CxOn524MZmUixgW7z1
AOUerO,480.87,AEOg9akolgepkjqQl4
iLy6uh,454.03,xidguHsjRjHrO6xM9z
o1Wl0o,455.01,Q6hkSp77V2M5hLfJpb
fLNUB4,455.01,RjLzuib6WVrvcR2ZEB
vJ1BVj,454.98,b2lpNkimxDL2fB9NOt
B0EDcy,454.03,jgugSSeOp26cyRKM1t
Amht4j,453.97,D5wcVbswiA8RAl0gnm
N4d41k,454.03,7wfLXGrS4hkw9Ha7kQ
dO9Hkl,454.04,G7BJkzC0GzGc9LAeVN
QFVwm1,452.98,GS3ZVD26rlncFV9Sqz
QpNiwl,474.98,ya6ue6Pp1prtBM8IbN
ZcFTsD,475.98,g4Du11ySs4mlpFGLLu
J7QVLH,475.98,aeP7bA0sQKYojoZN9Z
eiO3DY,476.02,qvm8dv2j8008EvyuQl
yHKuzG,476.03,6mgQi2sGkqksDQ83U9
eNR8Oy,474.98,zy1aBzpYViwYy6U1fp
gHfsT4,474.06,M6kA8AJRgX9XrwkLg9
MtE7AL,429.99,TT9P504i8lv70tim4M
Db5Z9T,429.99,6eXKLenHTrjm75BXRx
ky21n4,429.99,okU4dSX251Jg2pRCzZ
fGmld5,429.99,t76HkW2VqXMQqbhrc3
0i995i,429.01,Zz9u9ctnwFx7mEG9Nj
MTIudN,428.28,nxcWcG1qCxPKsOWnqK
q9KiY6,259.01,mokayg6BlyFt2ibESw
1QNgcU,260.01,13qPZdFZEEBppK2B6z
FZFzzO,258.53,mMzqwl3BsRIwkpyLms
ngHmdT,446.02,m6WQkMk2
zYkhyH,446.02,B1ymvh4t
aVlI1U,446.02,VVxzqvZF
wA5MAM,445.98,8zUsdCjKOURXYZ4cwN
CPG1lw,446.02,5tDK4TiJUYc33ekOxI
G1H8VP,445.98,WvkxjrRuYQ0BbPmzwr
BRbE27,445.01,Lizik8T71dT83wivss
S25i9q,444.73,k4izzSlpyQKxNk4DPh
hRO3h0,427.99,XACQmjsiK4L3hbxmID
KEsfv9,427.99,FnAhT8OOrGk0KmbUQ9
5aYCHV,428.01,vnTgTdx1siXsRIRhF9
RjBTWC,427.18,m9hFjL2QibJGfmdCWn
YEfsoM,402.01,IOl2d4hWnxSbj5npCn
RztQXe,403.01,kwI14H6B
uhuKTN,403.01,tFkC2P52
t4iYcD,401.26,ESxP9c8RvlJTOcDdds
rI8Y3s,396.01,W3Ub3mrpc2i5nQ4NZ0
9ImRTY,396.01,BkJ6ZnYAW5ViR5z1eS
UC8JwN,396.01,XObTs9Zo4YWADdUKSk
2nGWhV,395.23,j8vQVVLyxYKWC3aKrc
gb2IYT,450.01,4WXvUhEuElj7zip17V
TsXIeb,450.01,EfdSGEzfXSiPehKo0q
QCwhnm,450.01,35C0s1md6xqYF6y7qE
ADwbFP,450.01,kNUokO37
mymIOu,450.01,Iym9sKc0
GbOGYX,450.01,jhM3XoYp
nVEeRq,448.98,ml2AlniqBXSDDmrwX2
b82CLX,449.02,OWb5TpzRp3PEZBFYtQ
2d7wDG,448.04,hD8QJHoaSHRJcoLRQn
iLvcNv,427.02,Cq4l0jon3tJWaCJRwA
GtnfBr,428.01,cLi85rkZsqkB5ArSvL
BkgimA,427.02,HqBqgeStDO7E2DkeoH
kVgeHK,427.02,HtGBjQmg08WrDHRo5E
fSzZbf,426.97,8yizSZnR3oJAyHSgOh
M7a3sI,426.46,nqCfnaXhTKW4Hu8n5s
7T1RpI,479.98,dA2utwQ30oye17Zhvx
0hDcJ8,479.98,c2Gt72a09sxFrhZf8O
MdoWb1,480.02,wRq1FI01A7Zpzql0lx
P1YrKQ,480.02,8tbO4wPI0GATyqAOgh
xfI4L3,479.87,3kIJYv1VDSaFWWfoce
aBnGLx,467.01,IRWlBRXO9wHwdHTYHL
qrszig,468.02,ISjp6GNQkrDSOUk1EF
ydWCkM,467.97,mMdtFvNz2swm4fGu8N
jmGc01,468.03,1Pkb6BX3uyK8XofhjK
jk4OTu,468.03,9mCyvBkZ4RFuJwtdvV
X7Z4XD,467.01,yo9OOD2G8jP44SAfMs
ayH2TW,467.01,LLkKq6dqW5SDy6n1hR
UF2Inw,467.01,hRsR67svz1pULolv05
ESwJgx,466.27,J16DdjwEwi3Jb9eE7D
6GYUGA,473.01,QIlwGxmZ8W3bRN6ANN
tz3ccy,474.01,nuRZpZxELaLApmEBUH
tz3ccy,474.01,nuRZpZxELaLApmEBUH
CSUN9g,474.01,BgpaLL2ZVv00VdYdhS
6GYUGA,473.01,QIlwGxmZ8W3bRN6ANN
7nH9Ag,473.01,gPu68xddbV9nDAXiBV
lGeJKM,473.01,J24vRdXxuvJ3Mq83rK
ENwa08,472.99,e9Ro8b8acZNrrtL4X5
AWVmAV,472.99,zoSE7gbZGN5Ff6e4KH
JCNYXq,472.4,KRgBolBJ
Is8HG7,263.01,h8hI10GuPj7cLfkZeX
DUwru4,263.01,begrT4Be
Nzo8aa,263.01,MV5IMukna5yaDpnnvl
ctN3ph,261.54,SaiAIt20eix75OaVzc
aG8mZ5,480.02,7lpQ8QzQ3O2NmEbyjF
fU0v5O,480.97,gjZJDsBwPdOP4CcCs7
05jd5k,480.97,HD1XiE5Acy1Z9fetd2
aanCBU,480.97,UzyFpEmPWGM3KqdrK5
7wGxAv,480.97,krAatZQ6Pl0BBAvyL8
nyQcOa,481.03,fBS4eHQ1
NkF132,480.02,TURsUPrtXrbY99IsnY
8tp1rT,480.02,2dEzRNchXC6a4l70iq
F28WZS,479.43,3vnw37ZGVW91RnayOY
qurmia,283.01,eW5tABVX3wVvlt0F4e
i7hDgH,283.01,fg5cXUo1PrKANFu5Dc
tPKFJ5,281.95,aDbTpc9TF04AuooSC0
KqoTwW,326.01,PAVHnILzc0F7N9KZ7P
Nphg9f,326.01,cy84HvreXUqu24xMu6
LE5Maa,325.76,kOQgSqgtw4WfP2z3Um
tz3ccy,474.01,nuRZpZxELaLApmEBUH
Jwf25L,475.03,ncgUfUeHQNQEaMVeTC
cwTEfM,475.02,MI8EgBRZP9iDjZnwdq
x2JiBG,475.03,CZPzMXWWOyB8g1L7o5
jraKGF,475.03,iXnetDyji9YuwK2vhg
WGmDct,474.01,OFDg1ZNrOmD8UeHt7W
tz3ccy,474.01,nuRZpZxELaLApmEBUH
VY4KsR,473.99,NOegolpNtb1mQ0w95O
CSUN9g,474.01,BgpaLL2ZVv00VdYdhS
yTzvEn,473.7,06P7p3M6OCb2bB9my1
BzspPA,478.02,yQzFOe9xZIVP7EvjKu
jJlJRW,478.02,k2wq2fYv9NI2HEWLEe
v3zy5f,478.02,EefTB2CU3I4miPBaY0
5ggeg1,478.02,VBBqWiHSiZcolCRWGL
Ps5Z8P,477.98,yqFBZnZjEDE5hNNN0l
nGL92D,477.98,JHsquY6jr8pO6jaP3S
TCf3ez,477.98,8bkHBDeBxRgs1Y85HD
qVBhrE,477.98,Ih26MK8SKoYfHaF5Ya
rVWbdC,476.98,wjwEYYBCJIewxkovwx
4sm8KH,476.04,DHO2IwSYnU3e6IaSWK
ARfahy,483.98,hWPNRxza0T3rCMYdNI
Q37FG5,484.92,FcOkmG7iMUUBYL3Kht
5Csqdn,483.98,T4dHGK5XO2UllgVX3z
xwx3zT,483.98,xqe7zx72CcloMPeBjA
vv8kZP,483.98,CzRslR5sDZRdydro9s
4TiJMu,483.98,krM2CGoxWNGkdkyRHn
VTvhwE,484.02,DZ2REcXtXmpDLoSX9L
MmH5es,484.02,brvmIsOgig7XHfHRin
qZMzn8,483.74,aZ42BFUqLRyeftNyhy
oJwfF3,436.99,XJfj2aGyzUZ0JeoXbz
f4D55r,438.01,3wmV0fPA9x4luP6kcP
IqKACd,438.01,BLAAjWoG5xzsN7cdbM
HvLKD8,437.01,IuY7vIRjVbhYaP9sFy
6sn5H7,436.99,8sX5cB6rqNEcHNFaNN
4AJc4G,437.01,z88PDnVh
svA5vZ,437.01,xje5HQgTx2pEupatrq
qkIJdr,436.1,mStbL6rdtdUCSwzP3G
mvUtLB,456.02,4H9syp0q
gKEAii,456.99,jEAxuvYzpv8thYYD12
83M9zt,457.01,6TXVIvYNvcwZxiivLv
feKiR6,456.02,wqu3G2Lf
vG4Wzp,455.5,B0tpNIxWwjKrOCj96e
Q3kDbG,308.01,NoxOr60W7XKkKbZ6oJ
MUgc7q,309.01,8LuXO1Af97Oa41ChFX
oWzIH1,307.15,VbEjoljnkLmcmijRVj
i053AG,475.97,DUPou2rh4z73Z0MAxO
BkxbFJ,475.97,Er10tA0KF2J6Y9tKy1
2sd6x6,476.03,mj95SZnGodiPjaTSrS
pojFFE,475.97,VhTTRk191IqbmHwNw9
cEjNOr,476.03,7PK4uaoYmXN2tMRvpM
lRGyyd,475.97,ZQLLVtVTAADoOoX1UQ
xKyMio,474.46,ZpvGom0yjeZrsLafpI
PzVSRS,453.96,2QUk4koZOcu043k87T
dACtcf,453.96,30bAJzRH4awKdOQLXN
VHvAa5,453.96,PH1mQtZZqnKayXQOre
jpE0wn,453.96,52IFVugZYmJIKHp3UW
kNT7Rx,453.96,mQQS2SjcI3mTk35DE7
xgOKW3,453.96,rJimvV10ERYeGbHzKs
x14bLv,454.04,5N2kNxQpQHdhsMFcEv
kxfIoz,453.96,HIizM5OtMTkVonLiul
vLhcUQ,454.04,3YmhuSK4endJuGKkX2
jdPXpl,453.95,r7OKcrD0GNAA6i1QiS
UeE0UG,453.32,djLqPTyEKvkOJ213FS
n2IsjZ,448.02,ZZMYacdEE9yC03IN0R
gSDqy7,448.98,l0HwP2fjqw1ylzgF1p
FhRGSq,448.98,f1XD2l0CXwQfTKPINB
9vL5x1,448.98,yUTEkABcYFWkVWM0ql
1JTrsF,448.97,5s5os86m8vLK79LYKt
DHI0Qe,448.02,jdcENzFZfR4kiTAXIh
hWwFpb,448.02,r7wOZ3yqT8cylmMbPo
vk4hn0,447.87,DKmjwuUXr4fakrRLau
tiVlGI,229.01,Sb2JcOaYHhC3LboT70
6eZteH,228.9,0NgcmOZK3cniD86ZLo
JLOc71,306.01,5Pkjb787DF8YJ9Ty32
tvPhr8,306.02,qpncv4prQFkryZDPW2
Ao68d2,306.02,8s0yBuECVE2t9WHqy4
sEBuOf,304.06,1ttMZzvUhpZHXjIG1c
06ZeYt,409.02,94etEzJ0xQPHqHHE7p
DlP92a,408.98,xu6GCUH15Edwif2aKw
qpr8w3,408.98,pga8AHuZUhLoLs8elt
sYex5z,408.02,VJFiN6W6zwWZQOFG9a
Rikvki,407.51,oI3w0lKzGbKhHz1mfQ
2bvoEu,482.02,grMlEOTFKydqrkZDh5
lL3cuZ,483.02,njNHQrkrDPn9KYd7OD
cKOOzc,482.01,nGwg6qxA6MzQGucvsU
2WV6ZR,482.01,X9NE6IAkQX1wyiqw4T
cKOOzc,482.01,nGwg6qxA6MzQGucvsU
NSreaR,482.01,Hx9vbB9dtDIKGsVgsH
tH1ykA,481.99,gN1wLlCDIFyrAr3r1f
r0rFYG,481.03,vSR2bgeauzPXDkDcDj
OzV1c2,485.96,ZQAgQBK7Vg0r0yRvdP
4TD25L,487.01,SDqR2vWw2Yw6SUtFWS
Hn6Od0,486.04,qRoi3mNMRdr3sDGn2d
0tktdg,486.04,zU8VRr4VXZSYoALkby
JsqtEo,486.04,LcWKmFvW249Gr7FVQ5
juktnT,485.96,6nODc2aTyg272lEs4X
NEp4UR,485.96,SMBqmZtinsEVRqCkVE
V2wfGa,485.33,Eb9TBaJRb0AD6V35De
lp0TBQ,436.99,WMKSw1Ds3pGE0HprDs
Gw4nJC,437.02,ZnHHdUYw5Acm433P4H
XJkn9T,437.02,6p4Mq5Tg97yBk9EB2L
K4yaKg,437.02,gJAXgOwj8Bxw8llmQT
AJHe0L,435.84,2jH3L9u1ElZ4W9ZNG8
BiWabc,420.02,i2I95WQjI9o8FsniCh
uzYwji,421.01,UhxeYlhtrN28Gq8nrL
vvH6N1,421.01,nPhORQK0
7dRK6P,420.02,kpq5YJ4KASVmwv1c0w
3QBhWO,419.61,6KGlWTdrrvL3gGmUnl
v60VWS,460.96,5gGm6VasFsezDoNsTd
ckJyx7,462.04,FdP3FP6SyjYiAKfghy
E4DOfM,462.04,eun5km8sclp2hyPe8z
s858Mm,461.96,PuhbKnoehhLpoF9luF
v5aaER,461.96,IHQMEYocVGkSHrrStl
tSOwmX,461.96,OcoyZ9S3N5PAcHUWth
iyvUA0,460.96,zFLzgKrYlYKjIr0vKw
pMxpfG,461.04,XliowsUULh43bkmpwd
KHWLyr,460.42,DeaQN8xx0e3VdGxy37
BNG2vW,434.01,qNimr5exqN7aZWpZzM
ju5GQR,434.01,RSkfsofx88mGrUn1YG
va8qRL,434.01,tBs01tx4
qkCaSv,432.39,j29U1Bs7zL1HsbEgnr
dDxMut,463.98,Zv4y15zxBDd9qpDKrq
8wSBH0,464.01,zvJlp7ZCM4n131oPIW
8wSBH0,464.01,zvJlp7ZCM4n131oPIW
fCwb1O,464.01,HyVl6uTVybD7yEBEUF
8wSBH0,464.01,zvJlp7ZCM4n131oPIW
9Zuyv5,464.01,bm6xXlOOKw8862tXel
umCYEZ,464.01,bxDHivlDVVkNv3lKZL
xrnnHj,462.97,ZYMntWgX2doz6BU34r
5rDntn,462.92,IkFothZC7IwPOtT8q3
aqbIas,438.98,ooq0aF22HjcP3FlRUv
LO4URn,439.98,7iqczaNSSujkQfCxmY
IVKSgm,439.98,Pk8YCVtRkr8vy1RQJK
oFTrFV,439.98,gpOGPAZ87UhqXPaQQW
y6pqOM,439.98,cPUb6jbk6jTK0SxUxx
U6xqyj,438.98,ATG4hTYWmCsJgGA7Kh
AefOiG,438.18,mHZg69VFK4WjywTMMJ
Ju5mfj,351.01,iTMxhiaMNfVyXMlUTK
bblUlI,352.01,TyKjCqlJbz48pU7IFl
aHNrat,352.01,CPl94hf40pLX2qBmAA
9Gp4ev,350.5,Mk8EYqK3eye77TxEON
7HyB5z,460.95,Z9rMaBWYnTxTO3Ttux
64bSqx,461.96,UmFbdjowr9z7Us5uJ8
jpWaVh,460.95,DwzqzwXIgHqLhmgv20
3Lxdh1,460.05,DX7XUFSXjKVg27D3Dw
eZ4YOT,331.01,5NdNivWZp1ezDMYEOk
ejP09n,332.01,Jbb3IcICgnIjyscjfU
ReRqOM,331.14,JiizxgU8PCh5Aoz1yj
r2g9F1,462.96,QUfeN621xp3YPBzgoH
tX0ZZE,463.99,FAiipjGWI995vq12D6
lSCPyO,463.99,Jcl10IZBcjFVcUH8a6
oKIoO0,463.99,w0vCmHcllP4yDgTlY5
0Mpbfq,462.96,zR3akF0XT9BMYRWppi
djRWl6,462.96,n3dEnPHWfBWY3jhVkQ
Mz5qg9,462.96,kp9uBRtsjimBkTu1x4
vAcaQ1,462.96,KGa3JlGGbu3jz1wzAA
Lf8XHG,463.04,KtriSerS
Hjz59c,462.1,l5txtCf7Hah9iTpAdR
5p3NVT,470.98,ZRdyMoRVyygG5FP6CV
awEYXw,471.98,j4RZFfo3iqkAXWnt3x
wu5fct,471.98,FgcjMOtA03iyeDiGZ6
HWFsmU,472.03,RyqxjmvN90g42bu7jz
AVIeLo,470.98,tiw1Z8Bx8msUzrM93x
NRnl49,470.19,8ywvnVoBr4QdacNw3b
k2pzUX,408.02,FH3ccjQwRMsvOkXvRB
ol0DV7,409.02,2m8m9ZTygwxYzYwvKm
CX3BbL,408.03,QEZ6S7Efw4UDEzZmLq
YBco51,407.79,n4MG9O7jiUz95fDY6z
p0111O,439.98,VQxGKBAy7YeVjP3QER
ojXVba,440.02,Mr0jysCQz8bjrxIjkN
mOj1t8,440.02,f98I5JZJ33qxcKdxXf
hfLmqv,439.02,TE5D2TkggmavxqvdXf
USrDmU,438.67,Oll3sqqnziT63wQ5bS
2CzMPL,268.01,0KlXfRYZVN4fbv8oQX
H3jXB0,269.01,TTdKNAGL
jKRw4X,268.01,Sy16GLLZVxEzV7tjOq
hKaoM7,267.45,Ea3dX8ik
WVtAm1,428.01,6y1Ug4nrQDg0XSJ100
1i3VEX,429.01,OQfrfR9fgakEifWnr6
cq2rOb,428.98,CeFv5Ritbd8rfi10dp
lApc7l,428.98,F2Z7cM81pM7ac1RFSV
MS0vMC,428.98,TR9jYmGXq75Y30Wa33
ifa1Rk,428.02,vDZsZEkKlhnOSKmX09
xX6vVI,427.48,DMcaZ91CZgkt8bk9GQ
p56rmZ,193.99,jJ0Oenm9cNna0Y3qAm
gLXkc0,194.03,yTUj2596Su4oTJ3jBh
6Ej2RX,459.04,AvdTyv61uVvUg2iMq5
4hqJRY,460.03,aTdCpyK49iEnQKt2VH
trO0xV,460.03,cqo72rbcXAVhGopODj
pjdrbL,459.04,sT0y0rUMOKEJncOmRv
SwNCGh,459.04,K6Jrh1IZ
BpBiEm,458.72,vFcr7adYqkrGrhObZA
kTOVyb,452.98,wJQcktj8WkYOdkNoY9
yQpnLv,453.95,wPRo3pRzd7YcqJJpOw
JzuyKH,454.05,BOSmHLN5yjZlywSMsr
uJJlVQ,453.94,vYAXPgKcQ19BCIAqum
atYKMH,454.06,2SnYgEBoyOdNvHcgRM
NAsgG8,452.98,flxOHXKBy9V6Qsf1Hy
cWzYpA,452.98,MVV8ZWVqPkBznXaN56
pIjzBi,452.97,aMDj1Vc3TSQq5ep9uO
sgPLBW,452.97,PV3ie9Ybm4LCO8nUIu
A92zNS,452.09,Q4o9bE36z3YjBhkPKH
m366SU,434.98,uAYQhx7vqc9A7R1noT
NhGzZG,435.99,ti8GLOHABbIPGz4SKK
RXIOgR,435.99,bP1zvyTkipYc72PAw4
YPCHph,434.98,xf5CGvsqvxTHvr8B58
HWResE,435.02,88x46VhV6KA5AHdkwg
C7CNwj,434.26,uCI1XR63sXGKcfCiPX
y4q1OG,477.02,bD1IolBQ1CIJ5lqtwb
T8KmvX,477.02,avfhV4Fjr9duOQOHI5
tOZuel,477.02,QxbbRqK98FthokvS29
OXrKFM,476.98,Vo84hxFflSXMnxeArP
3NXKYy,476.98,mKLCphp9TO0RDklBEp
Mb1u9v,476.03,WrW2LNN1sd4T7FjEQj
M8f7Oy,475.96,Q89pvcCNmqxJHWNJyq
l97JNV,475.07,crlZ4Rp93zGh0yuM5c
MZbS9a,302.01,InijiZ7O
S4lpyc,301.96,GndwohoKUTk5yWVbsv
oRP3qD,452.97,MwHVrs9pea3HcorQyW
r7QRAy,453.03,1HK99dVyjJBPrR21p2
RZ5kQH,452.97,Ni3mLH7rnN6zYAKAoJ
8ePMX5,452.96,uNU1kQWmztXBHABqGg
bLaGMy,452.96,VFePHIRW3UBlrMgH8M
PzpACu,451.97,uurZF5bHwGQ0R9adaf
7zmZTr,451.97,su2iaFJ77PkYEWRe2z
mzmSsP,451.92,6UMWqkhmdwW6TBniMf
ZTBlnB,428.98,9icqCmEEe5P5YWlND6
7TOwss,429.99,z43DHTomAW2vRxHR9B
6MfmZr,430.01,1ewSyVM6adlzaogO8P
AXrR5d,430.01,yGW1tR38L53NY3Y40u
T4u3FG,429.02,kYDEmBYeihoJNf5H5m
1BeCTb,428.22,LHKVK3qkVCJF1pXQSq
lQ5IF6,229.01,NK4UonoEFSY7rse0f1
sfm9Dc,228.95,0ApXs983qif1LATia2
9JKuzt,455.02,7MOt7NIzR03YZOXDR7
hedf0j,455.98,tffN0dMQMVxm3UqAO4
fwqBG6,456.02,JSRlGqyRxWTm5jBXYy
gUcnTw,454.25,9SZ672ap
i21Lyg,489.96,yi5YbFNDkcIoKb2VOo
pm9fDW,489.96,tsQP5oifV9be2PGGVn
cuNsK3,489.95,QXz3foAZb9NYsc9lkI
d1K15h,489.95,PjeWeHbIzkLXJZsE7s
C2gWaw,489.87,cdeE5phN0e8yC8kp0V
4tnHud,197.01,sbw61Ufc559T5OjO76
KRgj11,197.96,891MtXE6KEnYFnowE8
cbQuqP,347.01,M2RKf6hSsGuTnVGwUh
P6Mteo,348.01,Ck0D8iG8PWwUc6QyGs
DvsDTp,346.38,DT0hTA6oUvfrJ1IsWX
4Uxwl2,450.99,FyNLaHheCUnU7d5WRA
WolZrk,451.01,nLQRCzZ5vCtG7NNUGf
AvWKjA,451.01,CgUJJZYTpzjGzRS5Hd
WaBOks,451.01,SG3hqDgII2u2aa5Qie
iUYHuj,451.01,JgpZNGY0dAYXTrhytP
fHAtVL,451.01,CqNocKPGnyYVhdRmF5
fu20EH,449.98,9JZ89HU9ToDFFmGm02
VtJpGT,449.98,nWULxsfDsqhkahOEWQ
Vc7MUV,449.98,6KlDjSbWaN07MwDsAF
L9Fztf,449.48,N9Jlh7nIAXANuNf4xo
7Jti1R,449.98,uqSbskdQFhcgeBRu6p
4EEtcr,449.98,8qvZKt33aTYgBljLSB
bcjCqU,449.98,t1JBMslNy8gJhYiYPj
ZgiAF0,450.02,KT3CP0rRs6gxwIG2qI
yGu23N,450.02,QKbuBUpihd2ezCmQ5p
hU6dh0,448.97,RL8LGxoXsKHzwiPjGp
6WxT5i,448.97,frjHk8o3oXwHAeLcoV
EYPTZW,448.97,cvCQu9sYXiXefrbsSy
CajJPA,448.56,GIlluEhkc5rWV6KZ0K
H9ory3,474.3,jZnOdhjvZPKJCOy0zJ
BeurnQ,474.01,pnFVXtW4qWS2vwlnm5
bSobSH,473.98,3JEXFYD1dOrOFWuglo
Igx7Dy,473.98,RMS35zLafMsP7B21aa
vwrpYp,472.17,OzxkogrvtXDWvqAB2M
TrbViq,439.02,M2LiBfVTqqEEKqvUFl
nZKBke,438.98,L0bbTrvDq4qCbit1wi
LZ7kGI,439.03,RYYn7wOubozgyz2rgR
YqEGC0,439.03,WVfeMCxomkghED2c8a
RlCvMd,439.03,kzsF2ZZGPuJmYwNGCf
pyFzUL,438.74,4Ucr61HRcHnBP4rLFt
TLj7Rv,347.01,HHRB6ESz9A02HZt038
u1tcct,348.02,SfqB1JP2vvM0hlcSMG
13cEkr,347.13,yg4mDpthncNtJN23Ms
ExNlVW,478.03,DMzTod1c28BNWHSPM7
PAYq9b,479.01,JfBlfYR9P17rX31FtT
IY3DdY,479.01,1CbpsnzvUJF5DLc9Z2
PHqzUX,479.01,U2yOSYi3
Qxnox4,479.01,UIe2pk75
wxMmPA,478.99,u9giOTzvxkuSawiMJT
56uaEO,477.97,fAaeTXQyUC7AcdkGNc
gr8SlN,477.97,68ByoX1IxVXi4EOzmT
OPAWe3,477.97,ahLpXh32j2XhbnrORk
BjxDyV,477.27,6WPZ314h
FdnD65,418.99,c8p18mOTP8DQFoAx1g
cVqBO2,420.02,YlPYEcsNZqNN8XHXN0
0b9Myn,418.99,GO4qH9nM2qLjgGcaBN
vpcryu,418.39,TcfWve4DHsZoIf7Lz2
qNEFNT,457.96,T7YNbKtDx9pnYF7Byy
SJjJ2A,457.96,yRM2jnkDRhG5amjeax
V3cnQX,458.04,ytCj92VwtSAPYnfAAD
O5e2L0,458.04,yxOk83I3y0XvM8Pt64
ws2DUa,457.96,CZIYpTgBABDjBSVxqP
Qg1BFV,456.74,c95DHTCc2i7VKARcGc
y1wToO,474.97,NB59Q3kdVKAcWanAEO
1cq7Xw,476.04,KRuELRMJgaLJf5lEsm
HOIOb0,476.04,dVB5cuK6J5hWzpuStk
pNi9Zb,474.97,Csj0Xms7nhuYzg8hpj
HjZGiF,474.97,z0DBNJE6GlOWo6aBg2
y1wToO,474.97,NB59Q3kdVKAcWanAEO
uiXL5p,475.03,bgt6dbkdBUEKcjuWLm
kV8y6Y,474.61,3cl7wR6iYuCkmSsZw8
a6A4De,484.92,OOUUQtPkmm5sxROWdY
dWz2Zc,484.92,mk5SAgz4wYoZb5XBsx
RnwTo4,484.92,owd9cUbO1CDPiPpsSY
Mv3Qyx,484.92,TGQYSlwFD7Icztb3e9
4yae4E,484.92,lQHkjcOgEDnNugrGZB
3Z71S4,483.98,DnrYnFAPVpGYAWpzs4
Ycs3gW,483.98,DFSxUM6A25nGX0s96f
6rCT2p,483.98,AfDmXWi56SVeNr7ctA
oW7NcA,483.92,xCa3f29eS5Hjh1T8GS
6vkCGx,462.04,YujeoQFmitbfApwgyA
MkkwCQ,462.04,e8Z9uarN
wdg0Em,461.96,9VeUesEuN0OLYWTX1e
wNXgDC,460.95,eCTvSUFs2JpN5xMHrq
j2AAkZ,460.95,jvR7iQGO618Ym68Fow
qh6ClU,434.01,7v5caD2sALYtnS5KHu
Gh3P14,434.98,uJbHPeH1PoiZXCHoWE
MrQ4Hi,434.98,lTaCHgqpCSHqUTJbzF
VrXVwN,435.02,7qNNIWSLGwh8f71II9
YYr8p9,434.01,buYBhiFNi9SsrjkbuU
EIxGWq,434.02,I5BtD8fEoU60eEQpHF
Yni6ao,433.46,egE5tWnBm3PrDyBVbr
uK5ooT,466.03,WC1sbG3wIGs2dt91E7
Blv8sn,466.99,oUDgyCCuJOWwL0cfjo
JMPwnf,466.04,bpSBn3cdaK3vEZwmXw
nNT6We,466.04,VaZbyUlnmDh1dU729i
gT1tPk,465.87,Df2lPMpJEvThJF8sNv
DPYoqP,463.04,sdR0cJMHnSrpi6mFt3
MHRzVo,464.02,xcHJFT3g1KacXPoo7l
pEAlRm,463.04,sIqw0kFhdbS8dg16PT
0JSM2Z,463.04,6sxGNj57byxeDJzSAr
wN5IwA,462.57,t7z6jETxGRbwMhoAVk
N0Fakf,489.95,d0b8TQrPq6lNqe88if
z82gsI,489.95,qypWQ2AXK71FS4FMrY
AJNoiB,489.94,J7s3dklvMa7PcRk8Ng
jeDUF6,489.93,UQcB09k56F2rIGpYVo
PKUOrm,489.93,76Vfsewu7jmqtT0Lmw
9aPEdB,489.92,rV3152V07vYYRwFpIH
ZQ728h,489.92,1ldQYNab1OveYpLrnE
Fzr2Y8,489.92,EfCUvuBFnitLvLTUj2
Gi7FqQ,488.98,WLKn5MacCqcTRX4dfN
akTQix,488.71,1fBNCSUPEEYWscTkkf
5Q29Qf,489.91,HwuSG29FYiWePjUpSL
UPrgbY,489.91,9XQQaGpNiytcC6dkyg
fS1ZgJ,489.91,2rga3KGZJJ8SFGxhsK
WfWYcS,489.91,1T58bYt8UKCY5sNIIa
O8igCg,489.91,8mIJac6gCEsk4gfxQo
CKQQpM,430.01,V0lw9HnMOtNCPC19z7
7Ms7lJ,431.03,9R5Cy3ZKsss2bwLqm8
J0ajAK,431.03,zG6HREw5yePwkkuJl2
EZ5VCI,431.03,r17geCczePBLElnzaG
X8aieW,430.01,HdksBxRHDGm2WXX1rG
7SvZGo,429.5,1xNCOByC8Z6oZjXoqZ
NgSd20,485.95,cZjnns135fnPhWqq5K
Oe7Iep,487.02,uGNzagwL
rg5nfm,485.95,rh9TwcONI7bgMRCdf3
MMkwwA,485.95,f0KnyircWp6UgQ8vkT
VyBkyv,485.95,0pHWKSO5n1S0h9zDQ6
gKdug9,485.95,7I5WgzqyKc5OtL6roU
YYRYw6,485.34,Zw623UBW43AaaVJxi1
uJu7mC,448.02,0i5rSLy3E9ehqDiTMl
NMS7uj,448.02,2r7DTnOFVLYTjhuR1U
7lkX9V,448.03,Zop8XCBjwJX6bZEiyv
AFxyK9,448.03,pgMjS8dB
xJTjQ1,447.97,koFfIkA4J67p1mGHB4
vi2aeB,447.97,v943gSsCRLrXf9pKMr
2Y1sQM,447.02,UwDs4bUH
aSUgRp,446.98,QNbw4CkMdVsK5JnW1u
sdzeJW,446.91,D1WkendfUjpzqkzW4d
a4RNhV,408.98,Oam8qHv4IfwmYLBXcQ
URTtUl,410.01,H7gmx57TCIeo4USbzj
GGfRk5,410.01,K93QRTUjt3binMmNax
KMTsxc,410.01,OXSRSXrtSeZeKdsMqh
NJnuBp,408.27,gbonMLztpWiOsmhwCa
57sFjn,478.03,XXds3dSEWn5j5RjO1B
DSNU8f,478.03,4658w9R9DnTmdZ5LQt
MOVBSw,478.03,jy0sii9ZAJ97YV14KZ
pcrkoj,478.04,VBM38vNVz40uEARjfD
gI3ARX,477.03,NWyt9hG1m1j5gyxaYO
Nfw2Mk,476.94,tXllG3Ob6dcNFuxK9J
pq0rMs,249.99,qe0uasrceaqfg2aTgk
sJbC1v,251.01,AWH2sKjjpz09cyiKNW
2ZCKGJ,249.31,3RP2GuNcvxopeIPY6t
C0HTUz,478.99,QKOCVEkgUbwqXKKhx7
nnuHxd,479.02,DTd4jT5iycaX0bxEAW
PUbW1y,479.02,jL7YQHeA
HuDmT8,479.02,PRVW71Bi
VCfJ1B,478.98,wjoqKoFSw7U2NNgFT1
pLjlFQ,477.09,vxRyNpOg7ffSUEosg3
AuPRH2,451.01,ztM8Dv1xIgk6C2Rsy2
Ovlssd,450.99,OpPKctfiyUWQtxfXIn
zGe8Bq,450.99,fnsmejWnfGXqCchKvZ
OpLsSv,451.01,rgrQC5yUoDibSYct5V
Ps0jVv,450.02,TcKQjcyI
c4OoVS,449.47,zICCb2QKUQJgdde5Cu
eK3Ts7,471.97,rm2X15m2NDwvoVnmYn
xm5VoY,471.97,wvC0xnZeiif4RPJ8Wo
zskZgJ,471.97,OlvFqG0sJdIpjlO4re
Dr0TKU,471.97,hXY1PBZbSrJi7Y4IRp
p9Ce08,472.03,G4B7RBzw8KDiI7zGQO
bga4Bt,472.03,Mp7UMEcJFsEYQXtExI
xa4uM8,470.98,npyzh5EVbYzOYABByV
MZulHj,470.21,5IrjqyctvzJbdMh9d6
Pc0YAa,296.01,heRaX2QSI9JHTv22s9
MujTx1,297.01,fEAdzaD5rZZ3Plugob
s50hub,296.01,w1QZpBsx
JVN0qk,295.35,TawrQNEuQ0h5RZfxfg
cbOJaC,477.03,4ibuTnNf
EO752t,477.96,HosUYSBgVVEto89uQr
305VpS,477.96,UBC8TMyb1YUHlP2mHT
HLhNJw,478.04,Z0D6a0QXnQQLQPLABD
W28CQC,477.95,dojVuRujtmHXKzwBl6
iYPjBq,477.03,liAhWndS5SLvhj5coM
beoQ4x,476.97,h3Ji3xk76IbAxgzUga
sqxbhN,476.97,1fK63g4zA5r85tP2OQ
3u7ydN,476.96,Kdi4l8tsxMGSSgXcwz
5bZ79M,425.01,iQR7ZUY7amyhd9YF7h
VAgY2a,425.01,yXtgYpvRiFC2OcrOFu
e7QWOf,425.02,dar2K8tYqs7z1Lccaa
GOOkVb,425.02,AFDSrYyZG349J4DRhu
KLqJzV,424.01,3wAMuiVx8Y83wuEdvt
Z0GXw0,423.38,FhU60kHLFvqTHcoKNK
9VM0FU,460.03,8N8hPMnuUFeKMhlY7C
auBP1j,460.03,QSXBXxxm1Eyj3xqUPB
XFXaKr,460.03,gd54nycBb3RuCXRJaU
EzdCeS,460.03,meVgPbKshZPQwJCTsZ
TpVLeu,459.04,uwuNbInAHqc5qi86SN
IbmVGN,458.26,BkeAlEgaMCNISXHuXx
2LERlV,489.91,x0D1zjFQrSUCECSx2j
MTxhw8,489.55,5Whwa8SqadxFIf60KL
4YKk9P,484.02,QtYUQ174oqox0GbGxj
UEzjFp,484.92,UBNpRg1R5ykUJC9mou
7Kc2rY,484.92,IcmVrY0ZgUq1oB0KC4
FCcdoo,485.09,iGr1KFNqNKP8z67DhV
3bOysE,484.02,9fDINiFtuh9A0Rc9Z0
G3I2t4,483.98,POLNwU4zdU7uZYAwGE
nr2sg4,484.03,FWAqFQaw
XSypln,483.97,5OOdkKn4Nmo4k0rJ2t
D8qBP4,484.03,ycJn6eLfDjMMATrIvT
S4vavr,483.91,VdYstsbhTgreZ5HgV9
QOhxEW,271.01,XOOIZn4jL6kFwMtDTZ
gxdZLL,272.01,uNd2VGOXptwzRdokp8
qkAtb3,271.01,RbxMdmRrXqK75r1SPd
5vwQmS,270.16,x7H22tDm
TzlsIY,325.01,GsAcm2yiubhuXxL439
wZTl0S,325.01,ZGb34TXgp3P8VN9Nzh
8Uv4h8,325.01,bt8QjAYYBXOpPKaZRg
BSBi01,324.68,9MMmLI2t6kv8xE76uX
KzatVX,485.95,RqCng9odDtnQPWDGrG
Jpbq89,486.05,BB5OCXuGOiB3AYKMQg
diw9qp,485.95,bF2F6K1jyX8OB46iLF
Yr0s6J,486.05,5p7O4KpLQErtQarAhS
1F2ZoI,486.06,6lXLYFDAWSvFQf0UBn
xjqeHu,486.06,YVhSmFw7
dczBrn,485.09,aUPKkWFjMLd9dorgtc
vQ1KWb,485.09,mnS0L2P97kBHCZNJRW
XIy5hv,485.09,m4ScfeOfBoysNmLJD6
TgIYev,484.19,fLpwBPzLvYAAqbi5ky
6Ir3md,485.09,Rr2WrYYtQuE4VyHRmn
oL7Tec,485.09,LManrc0SgzM4q04NPR
VgwVRt,484.91,cavOMDIXV42g19Kg1E
Kxc1hV,484.91,CEO2aUNC6MtP8FULnA
qRbeAX,484.91,e47lJFcdttA47Wa4zE
fQYm8K,485.1,xvbaaWbA
5XJWzz,485.1,i9Iv7r5HYxfjWruYOH
d206Ry,485.1,Gcuwrhac
MKIzA8,485.1,7UYfI7RUXhEEYdXFjg
MjkSw8,484.7,UnkOH2v7zxznWZKzXH
C3Hi0N,377.01,9EGv5AdA
yAywHl,377.01,mjIcfvJtlkPOkkLCzB
pyKaUz,377.01,NdYwt21jzRIfwE1Gfi
eq790b,376.94,CswaZ0I1l0qE6HSwP6
XHjzy7,350.01,u3WVlNLQDCOX3wpdvn
cIZE7s,351.01,gvywximE7vWop1nVSy
9wfGyk,350.01,TgzvibhvTQJ1oG0lK3
1oyoYt,349.5,ATOLKjZ7HQ2NfgEqP2
MWDiMc,485.94,HW4R1dweuP4M8PL5iE
TArOmV,486.06,HrxScPw2eFRCW89bXL
0yOruM,486.06,OosUbtrcyGUQzLbI2d
Ec4L1a,486.06,iisK8UcQumaS7RREyj
qgNyOb,485.94,4bo9OaOM5liycrfjgn
PccRJj,485.94,OoQ3mlxxSGnkM4sNnV
WMCwan,485.93,zu8dsK1GsyoJp0BosA
nfKwii,485.51,aLjHrQ9TGg6MoiEKIS
Y5KWiq,473.08,VpIuKCzJvOokZjbSBs
BeurnQ,474.01,pnFVXtW4qWS2vwlnm5
6cM2Tr,473.01,OnrwyRTtOJgW5t6vHY
qb2I6q,472.99,Q6b6tEr3NKRErdIgyF
SwjxnO,472.2,RHF46uAnXLQEUkmOGb
YU7K2X,486.98,ViqNSKtRVe7vapogif
YfeE9D,488.02,qSOoxvtvboNTF9TWvV
JlBklS,488.02,SWQ9JRq7Vpuw4BlN9N
rJub9p,487.02,DIm4ZUUHi5IxPKSwmL
J9jpMJ,486.98,3bPvjmfxCjqVMREfyt
4pt08b,486.98,jITiazOgCMi7GXLYE9
Sc2aoT,487.02,jNEs75YgcalWid3f61
3HumY3,486.98,tyo8jejzHud04nRWKN
f9hlhn,487.02,1EnvZIrMb1hRJorOzN
Nbxapk,486.95,3LOYqedcPdAM1cNiFO
fJx0G4,470.01,w7ifkynvZmEJid7e5i
TvVDJP,470.98,MzizODGTSSDpjLyOEp
r2r1D9,471.02,Fnu3lSOSzdYGMUnfVX
X3BuWT,471.02,tLv6bOpcXkrQ1bgNKl
qsZ9eV,470.01,6R6cpfQ8JdeeTXkzWi
DHWrLV,470.01,6ktaK3MLx2mzdJJZ31
Egxlpj,469.98,FYqYTbFsK6xlX1HWVj
ZZIw2P,469.58,azLRhieXxYbKVV108i
k898nn,441.01,xXVTQtGJspo5iXpSWQ
K3hZL7,440.98,NZKq238WFWxSqokTxf
TGBwIE,441.02,8xxI3d0K
JZm9rS,441.02,yLPUFOZPactNtnOhUf
5cqM1m,440.98,8RDmSrZC95GppFynHq
4zd52j,440.98,0uBOZAMAHqhWZcyKsC
hznMs6,439.23,GMBejwjp
u3kdG2,326.01,jPS0CgoB
XIlVTe,327.01,nHHooNPRFt0W3ACZWI
zZAZfr,326.01,UnJQuJ5l
UyyUi1,325.63,5vHK4xfuphRiZkLxEl
1uYiUg,443.03,DMDajvLY31HzyHso4A
LSVuRW,443.03,osrStAJZL5bHI7lmxU
t5MTPr,443.03,Z6OCoHtMyKFAS2Fykk
ti5suf,441.98,IXPqfWlfDWDTrMns3Q
tTmRkx,441.98,QUgbOjBNa8hlI0Kkau
I5PQzt,300.01,0FIGHatwBXNpJ2Ndmk
IdVhC7,300.01,prTPPPmQ7GRggwC4Jq
HyFqAX,300.01,SfzNBUUyV3RuWnH8Xa
CydLNX,299.72,xYDM6BfbKwATr1IG3S
